orig.ident	nCount_RNA	nFeature_RNA	RNA_snn_res.0.8	seurat_clusters	pANN_0.25_0.23_12	DF.classifications_0.25_0.23_12
CGTCAGGAGTGCGATG-1	GSM5899873	12301	2514	1	1	0.100977198697068	Singlet
TTTGCGCTCCAAATGC-1	GSM5899873	7421	2147	0	0	0.162866449511401	Singlet
ACACTGACATAGACTC-1	GSM5899873	5177	2060	2	2	0.201954397394137	Singlet
GTAGGCCGTATGAATG-1	GSM5899873	4928	1877	0	0	0.231270358306189	Singlet
TGCGTGGTCGGCATCG-1	GSM5899873	3266	1480	3	3	0.136807817589577	Singlet
TCTATTGGTTTAAGCC-1	GSM5899873	2652	1148	6	6	0.221498371335505	Singlet
GTGAAGGTCTAACTGG-1	GSM5899873	5554	1674	6	6	0.237785016286645	Singlet
TTCGAAGAGAATCTCC-1	GSM5899873	6864	1990	4	4	0.247557003257329	Singlet
GAGTCCGGTCTCCCTA-1	GSM5899873	3323	1559	3	3	0.159609120521173	Singlet
ATCCACCAGAGAGCTC-1	GSM5899873	4472	1561	0	0	0.110749185667752	Singlet
TTCGGTCAGGCTCTTA-1	GSM5899873	4298	1544	0	0	0.237785016286645	Singlet
CTTACCGAGAAGAAGC-1	GSM5899873	6385	1744	0	0	0.110749185667752	Singlet
CGGAGCTTCTCCTATA-1	GSM5899873	3532	1478	4	4	0.198697068403909	Singlet
GCTGCGAGTACGCACC-1	GSM5899873	2761	1271	6	6	0.224755700325733	Singlet
GTAACGTTCGGAATCT-1	GSM5899873	991	643	0	0	0.0684039087947883	Singlet
TGTCCCAAGTCCGGTC-1	GSM5899873	3684	1626	5	5	0.254071661237785	Singlet
AACTCTTAGTGTCTCA-1	GSM5899873	6275	1659	1	1	0.11400651465798	Singlet
TACTTACCAGACGCTC-1	GSM5899873	11046	3357	5	5	0.387622149837134	Doublet
AAGTCTGCAATCACAC-1	GSM5899873	9014	1475	7	7	0.0814332247557003	Singlet
TAGACCACATGTTCCC-1	GSM5899873	5438	1894	4	4	0.293159609120521	Singlet
CATATGGCATACTACG-1	GSM5899873	7285	2042	1	1	0.117263843648208	Singlet
TAAGCGTAGCGTGTCC-1	GSM5899873	3349	1209	1	1	0.110749185667752	Singlet
ACGAGGACACATTTCT-1	GSM5899873	4641	321	7	7	0.0586319218241042	Singlet
CCTTTCTTCTACTATC-1	GSM5899873	6716	2273	1	1	0.185667752442997	Singlet
TTCTTAGAGCTAAACA-1	GSM5899873	7482	2127	1	1	0.120521172638436	Singlet
CATTATCTCATGTCCC-1	GSM5899873	7895	2206	1	1	0.130293159609121	Singlet
CGACCTTCAGTAAGCG-1	GSM5899873	2999	1145	1	1	0.11400651465798	Singlet
AAAGATGGTGTGAATA-1	GSM5899873	8673	339	7	7	0.0618892508143322	Singlet
GGACAGACACAGACAG-1	GSM5899873	4134	1412	1	1	0.11400651465798	Singlet
GAAATGACAGATGGCA-1	GSM5899873	3203	1532	3	3	0.169381107491857	Singlet
TTCTTAGCAGAGTGTG-1	GSM5899873	3553	1395	6	6	0.218241042345277	Singlet
TGGACGCGTAGAGCTG-1	GSM5899873	3017	1454	3	3	0.146579804560261	Singlet
CACCAGGGTAATCGTC-1	GSM5899873	3885	1388	6	6	0.224755700325733	Singlet
GCTTCCAAGACCTAGG-1	GSM5899873	8700	2255	0	0	0.156351791530945	Singlet
CCAGCGAGTCTCTCGT-1	GSM5899873	4796	1731	2	2	0.149837133550489	Singlet
TCAGGATGTCCGTGAC-1	GSM5899873	6052	1612	1	1	0.107491856677524	Singlet
GGAACTTCATCGGACC-1	GSM5899873	4294	1931	3	3	0.192182410423453	Singlet
TCGGTAAGTTGCGTTA-1	GSM5899873	3330	1601	3	3	0.140065146579805	Singlet
CGTCTACTCTAGAGTC-1	GSM5899873	6140	1728	0	0	0.117263843648208	Singlet
CGCCAAGAGAGTGACC-1	GSM5899873	12804	3121	0	0	0.267100977198697	Singlet
CAGAGAGCAAGGACTG-1	GSM5899873	6874	230	7	7	0.0553745928338762	Singlet
CCACCTAAGTCTCGGC-1	GSM5899873	1383	879	0	0	0.11400651465798	Singlet
GAGCAGACATCAGTCA-1	GSM5899873	4934	1787	2	2	0.166123778501629	Singlet
CGCTTCACAAGTCATC-1	GSM5899873	4910	405	7	7	0.0488599348534202	Singlet
GTGGGTCCATTGAGCT-1	GSM5899873	5189	1439	1	1	0.110749185667752	Singlet
CGGAGCTCATACGCCG-1	GSM5899873	5871	2035	1	1	0.169381107491857	Singlet
CACATTTAGTACGTAA-1	GSM5899873	2236	1287	3	3	0.175895765472313	Singlet
GGAGCAATCTTGTCAT-1	GSM5899873	2778	1219	2	2	0.146579804560261	Singlet
TCATTTGCAGCTTCGG-1	GSM5899873	5271	1792	5	5	0.234527687296417	Singlet
AGTAGTCTCCATGAAC-1	GSM5899873	5489	2175	8	8	0.211726384364821	Singlet
CGATCGGAGGCTAGAC-1	GSM5899873	10399	3290	8	8	0.231270358306189	Singlet
TTTGTCAAGATCTGCT-1	GSM5899873	4895	1745	2	2	0.159609120521173	Singlet
GCGAGAAAGCTACCTA-1	GSM5899873	5226	1845	2	2	0.185667752442997	Singlet
ACTGATGAGTGTACTC-1	GSM5899873	6620	2195	4	4	0.267100977198697	Singlet
ACGTCAAAGTACGACG-1	GSM5899873	14371	3387	4	4	0.306188925081433	Singlet
TGCACCTCACACCGAC-1	GSM5899873	5336	2266	3	3	0.182410423452769	Singlet
ACTGATGAGTGTTTGC-1	GSM5899873	2981	1345	0	0	0.237785016286645	Singlet
ATTTCTGTCCTAAGTG-1	GSM5899873	7861	2773	0	0	0.254071661237785	Singlet
ATCATGGAGACTGTAA-1	GSM5899873	713	485	7	7	0.0553745928338762	Singlet
GGTGTTATCGGCGCTA-1	GSM5899873	12182	3704	5	5	0.267100977198697	Singlet
CCACCTATCGCCTGAG-1	GSM5899873	9099	2713	8	8	0.224755700325733	Singlet
CAGTAACTCACCACCT-1	GSM5899873	2497	1291	3	3	0.140065146579805	Singlet
AGGTCATTCTGCGACG-1	GSM5899873	3069	1487	3	3	0.175895765472313	Singlet
GCATGTATCTTGACGA-1	GSM5899873	5433	1944	0	0	0.208469055374593	Singlet
CCTTCGAGTCTGCAAT-1	GSM5899873	4538	1853	2	2	0.166123778501629	Singlet
AAAGCAAAGACAGACC-1	GSM5899873	6837	2158	4	4	0.254071661237785	Singlet
AAGGCAGGTCGCGGTT-1	GSM5899873	2892	973	0	0	0.11400651465798	Singlet
ATCATGGTCACTCTTA-1	GSM5899873	6453	1862	1	1	0.123778501628664	Singlet
CATATTCGTTTAGCTG-1	GSM5899873	3066	1147	0	0	0.185667752442997	Singlet
ACGAGCCGTAAATGTG-1	GSM5899873	12587	3240	5	5	0.315960912052117	Singlet
CGCGTTTGTGTTAAGA-1	GSM5899873	2753	1146	3	3	0.133550488599349	Singlet
AGCGTATAGTGTACTC-1	GSM5899873	5443	1448	1	1	0.0944625407166124	Singlet
CACATAGAGAACAATC-1	GSM5899873	4237	1708	2	2	0.166123778501629	Singlet
CTCTGGTAGCGGCTTC-1	GSM5899873	6459	1685	1	1	0.0879478827361563	Singlet
TAGAGCTAGATGGCGT-1	GSM5899873	12031	2726	0	0	0.140065146579805	Singlet
CCTACCATCCAATGGT-1	GSM5899873	5396	1519	1	1	0.107491856677524	Singlet
GACAGAGAGCAGATCG-1	GSM5899873	6776	1815	0	0	0.117263843648208	Singlet
GAAACTCCAATGCCAT-1	GSM5899873	7449	1917	1	1	0.107491856677524	Singlet
TACACGATCTAACCGA-1	GSM5899873	4690	1672	2	2	0.185667752442997	Singlet
AACTGGTGTACTTCTT-1	GSM5899873	2754	1074	0	0	0.104234527687296	Singlet
TACGGATAGCTAGTGG-1	GSM5899873	4069	1454	2	2	0.149837133550489	Singlet
CTCATTAGTTCCCGAG-1	GSM5899873	5559	2099	2	2	0.169381107491857	Singlet
ACAGCCGAGTCTCGGC-1	GSM5899873	3375	1076	1	1	0.0912052117263844	Singlet
GGGTCTGTCATGTAGC-1	GSM5899873	2422	842	1	1	0.0749185667752443	Singlet
ACTGCTCAGCGTGAGT-1	GSM5899873	4611	2088	3	3	0.224755700325733	Singlet
ACGCAGCGTTGTGGCC-1	GSM5899873	5029	1916	2	2	0.198697068403909	Singlet
CACACAAAGGATGGAA-1	GSM5899873	5497	1847	2	2	0.146579804560261	Singlet
CTTAACTCAAACAACA-1	GSM5899873	8024	2322	4	4	0.254071661237785	Singlet
ATAGACCTCGTGACAT-1	GSM5899873	3499	1383	2	2	0.130293159609121	Singlet
ACTGCTCAGAAGGGTA-1	GSM5899873	6856	1877	1	1	0.107491856677524	Singlet
CATCCACAGAATGTTG-1	GSM5899873	7423	2006	1	1	0.133550488599349	Singlet
TACTTGTAGGTGATAT-1	GSM5899873	1889	809	2	2	0.0586319218241042	Singlet
ATAAGAGGTCTAAACC-1	GSM5899873	4012	1589	0	0	0.208469055374593	Singlet
CTCTGGTGTTGGACCC-1	GSM5899873	7600	2592	3	3	0.143322475570033	Singlet
CTACGTCAGAACTCGG-1	GSM5899873	3137	1260	2	2	0.127035830618893	Singlet
CGTAGGCGTCAATGTC-1	GSM5899873	4879	1515	4	4	0.241042345276873	Singlet
TGACTAGCATCACGAT-1	GSM5899873	6121	1741	1	1	0.100977198697068	Singlet
CTAAGACTCACAAACC-1	GSM5899873	2655	999	2	2	0.0781758957654723	Singlet
CTCTACGGTCCGACGT-1	GSM5899873	2486	1304	3	3	0.175895765472313	Singlet
TGCGGGTGTCGCTTCT-1	GSM5899873	4247	1744	3	3	0.127035830618893	Singlet
ATCTACTTCTTGCATT-1	GSM5899873	6507	2065	1	1	0.149837133550489	Singlet
CGCTGGAAGTCACGCC-1	GSM5899873	1718	862	2	2	0.0944625407166124	Singlet
CCTTTCTCACCAACCG-1	GSM5899873	11511	3147	1	1	0.188925081433225	Singlet
CCAATCCAGAGGTACC-1	GSM5899873	1897	1140	1	1	0.211726384364821	Singlet
ATTGGTGTCGCTTAGA-1	GSM5899873	3552	1635	2	2	0.130293159609121	Singlet
GCAAACTGTATTCTCT-1	GSM5899873	3021	1284	2	2	0.133550488599349	Singlet
ACTGAACCATAGAAAC-1	GSM5899873	7119	2010	1	1	0.133550488599349	Singlet
GAGGTGAAGAATGTTG-1	GSM5899873	8214	2959	3	3	0.172638436482085	Singlet
CACCAGGCACCAGGTC-1	GSM5899873	3342	1375	6	6	0.254071661237785	Singlet
ACGGGTCAGCCAGTTT-1	GSM5899873	3361	1485	3	3	0.146579804560261	Singlet
GGGTCTGTCTGCTTGC-1	GSM5899873	4541	1949	3	3	0.153094462540717	Singlet
CTAGCCTGTCATATGC-1	GSM5899873	5280	2205	3	3	0.156351791530945	Singlet
TCACAAGTCAACTCTT-1	GSM5899873	10599	2348	0	0	0.169381107491857	Singlet
AAGGAGCGTGATGCCC-1	GSM5899873	7102	2002	0	0	0.185667752442997	Singlet
GGACAGACACTGTTAG-1	GSM5899873	6613	1670	1	1	0.107491856677524	Singlet
CTGAAACTCCCTCAGT-1	GSM5899873	4424	1981	3	3	0.201954397394137	Singlet
CGACTTCAGAATAGGG-1	GSM5899873	11527	3194	2	2	0.234527687296417	Singlet
GGCCGATCACGACGAA-1	GSM5899873	3706	1770	3	3	0.130293159609121	Singlet
GGACGTCTCCTGCCAT-1	GSM5899873	2454	1334	7	7	0.123778501628664	Singlet
GCGCAGTCACAACGCC-1	GSM5899873	7185	2281	4	4	0.289902280130293	Singlet
GCTCCTACATTACCTT-1	GSM5899873	9732	2520	1	1	0.185667752442997	Singlet
CGTTGGGGTACTCGCG-1	GSM5899873	4427	1834	2	2	0.182410423452769	Singlet
CTGCCTATCAACCATG-1	GSM5899873	6978	2041	0	0	0.136807817589577	Singlet
TTCGAAGTCGCTTAGA-1	GSM5899873	2480	1193	2	2	0.149837133550489	Singlet
CGCGGTAGTTGCGTTA-1	GSM5899873	4823	1563	2	2	0.120521172638436	Singlet
GTAACTGTCATCACCC-1	GSM5899873	4318	1466	1	1	0.127035830618893	Singlet
TTGGCAACAGAGCCAA-1	GSM5899873	5500	1580	1	1	0.120521172638436	Singlet
CCGTACTAGACTCGGA-1	GSM5899873	6964	1839	0	0	0.175895765472313	Singlet
CTCTGGTAGCGCCTTG-1	GSM5899873	9712	2652	5	5	0.244299674267101	Singlet
AGATCTGCAAGCCGTC-1	GSM5899873	7329	1755	0	0	0.146579804560261	Singlet
TGCCCATAGGACAGAA-1	GSM5899873	3773	1156	1	1	0.0977198697068404	Singlet
AGTAGTCGTACATGTC-1	GSM5899873	1795	1026	3	3	0.130293159609121	Singlet
TGTCCCATCGGCGCTA-1	GSM5899873	2415	1107	3	3	0.0977198697068404	Singlet
GTAACGTGTCGAGATG-1	GSM5899873	2795	940	1	1	0.0749185667752443	Singlet
TCATTACAGAATAGGG-1	GSM5899873	1826	872	2	2	0.0651465798045603	Singlet
CGATGTAGTTCTGAAC-1	GSM5899873	4596	1888	3	3	0.127035830618893	Singlet
TTCTTAGCATTGGCGC-1	GSM5899873	5070	1938	2	2	0.166123778501629	Singlet
CTGCTGTTCTTAGCCC-1	GSM5899873	535	436	7	7	0.0846905537459283	Singlet
ATTATCCTCCTATGTT-1	GSM5899873	6401	2442	2	2	0.221498371335505	Singlet
AGAATAGGTCTAGTCA-1	GSM5899873	5004	1694	1	1	0.11400651465798	Singlet
ATTTCTGGTCATACTG-1	GSM5899873	5660	1711	0	0	0.159609120521173	Singlet
TGCGTGGTCCACGTTC-1	GSM5899873	5549	1552	1	1	0.110749185667752	Singlet
CGAGCCAAGAAACCGC-1	GSM5899873	2592	1187	3	3	0.133550488599349	Singlet
GCTGCAGAGGAGTACC-1	GSM5899873	7521	2438	0	0	0.250814332247557	Singlet
ATGCGATAGTCATCCA-1	GSM5899873	4610	1802	3	3	0.130293159609121	Singlet
CAGATCATCGGACAAG-1	GSM5899873	3965	1606	2	2	0.149837133550489	Singlet
TGGGAAGAGTCTCCTC-1	GSM5899873	4872	1830	2	2	0.156351791530945	Singlet
CTACACCGTACCGCTG-1	GSM5899873	3133	1236	6	6	0.241042345276873	Singlet
GTGCATATCATCACCC-1	GSM5899873	4425	1858	3	3	0.136807817589577	Singlet
GTGCGGTAGAGTACAT-1	GSM5899873	1658	755	5	5	0.107491856677524	Singlet
CCACTACTCCAAATGC-1	GSM5899873	4959	1639	2	2	0.140065146579805	Singlet
AGAGTGGAGAGCAATT-1	GSM5899873	1594	646	1	1	0.0684039087947883	Singlet
GAGCAGATCATTGCGA-1	GSM5899873	7240	2527	6	6	0.338762214983713	Doublet
GGGACCTCAACTGCGC-1	GSM5899873	3728	1435	4	4	0.254071661237785	Singlet
CAGCAGCTCCAGGGCT-1	GSM5899873	5246	1654	6	6	0.234527687296417	Singlet
GGCGTGTCACGGCTAC-1	GSM5899873	7940	2594	3	3	0.153094462540717	Singlet
TGACGGCCAATGTTGC-1	GSM5899873	4516	1437	1	1	0.11400651465798	Singlet
AACTTTCTCTGCAGTA-1	GSM5899873	9140	2304	0	0	0.198697068403909	Singlet
GTACTTTCATCCGTGG-1	GSM5899873	6557	2277	5	5	0.283387622149837	Singlet
AGATCTGGTTCATGGT-1	GSM5899873	2096	997	0	0	0.11400651465798	Singlet
AGAGCTTTCTCTGAGA-1	GSM5899873	3108	1611	5	5	0.280130293159609	Singlet
ACGCAGCTCATTGCGA-1	GSM5899873	10248	2931	8	8	0.273615635179153	Singlet
CTCTAATCATTAGCCA-1	GSM5899873	3186	1506	3	3	0.162866449511401	Singlet
AATCCAGAGTGAAGTT-1	GSM5899873	957	624	7	7	0.0814332247557003	Singlet
CTCAGAAAGCCTCGTG-1	GSM5899873	6128	2023	2	2	0.153094462540717	Singlet
ACATGGTCAGATCCAT-1	GSM5899873	5321	1727	4	4	0.247557003257329	Singlet
GCATGATAGAGACGAA-1	GSM5899873	1833	989	2	2	0.169381107491857	Singlet
GCGCAGTCAGCTCGAC-1	GSM5899873	5937	1543	1	1	0.11400651465798	Singlet
GCTCTGTAGATGCCTT-1	GSM5899873	5242	1930	2	2	0.149837133550489	Singlet
ACGATACTCTTCAACT-1	GSM5899873	3524	1492	1	1	0.156351791530945	Singlet
ATGAGGGAGACCGGAT-1	GSM5899873	5046	1684	4	4	0.244299674267101	Singlet
CTTACCGGTTACCAGT-1	GSM5899873	6948	2551	5	5	0.237785016286645	Singlet
GCGCCAATCTGCTTGC-1	GSM5899873	9048	3118	8	8	0.319218241042345	Singlet
AAAGATGTCTCCTATA-1	GSM5899873	8896	2550	0	0	0.228013029315961	Singlet
AGGCCACGTAAATGTG-1	GSM5899873	3558	1444	4	4	0.250814332247557	Singlet
TGGCGCAAGCCCAATT-1	GSM5899873	4270	1613	2	2	0.169381107491857	Singlet
GGATTACGTCCGCTGA-1	GSM5899873	6060	1695	1	1	0.123778501628664	Singlet
CAACCTCTCTTAGAGC-1	GSM5899873	4417	1470	6	6	0.224755700325733	Singlet
GGACAAGAGCGGATCA-1	GSM5899873	6741	2038	0	0	0.195439739413681	Singlet
GACGGCTAGTCAATAG-1	GSM5899873	4173	1344	1	1	0.100977198697068	Singlet
AGATTGCCAACTGGCC-1	GSM5899873	14145	3452	5	5	0.302931596091205	Singlet
CGTCACTAGACTTTCG-1	GSM5899873	4283	1797	2	2	0.188925081433225	Singlet
GAACCTAAGCAACGGT-1	GSM5899873	5688	1793	0	0	0.143322475570033	Singlet
GTGCTTCCAATGAAAC-1	GSM5899873	3087	1098	1	1	0.0879478827361563	Singlet
AGAGCGATCAATACCG-1	GSM5899873	3626	1555	2	2	0.146579804560261	Singlet
GGACAAGAGTTGAGAT-1	GSM5899873	1294	837	2	2	0.127035830618893	Singlet
AACTTTCAGACAAAGG-1	GSM5899873	7066	1993	4	4	0.270358306188925	Singlet
TGTCCCACAGACGTAG-1	GSM5899873	3279	1454	0	0	0.211726384364821	Singlet
GGACATTTCACCATAG-1	GSM5899873	8347	2831	8	8	0.289902280130293	Singlet
TTGACTTGTTGGACCC-1	GSM5899873	4608	1694	4	4	0.270358306188925	Singlet
TAAGTGCTCTCAAACG-1	GSM5899873	898	452	7	7	0.0749185667752443	Singlet
TTCGAAGCATGTAGTC-1	GSM5899873	6073	1665	0	0	0.133550488599349	Singlet
GGGACCTAGCTATGCT-1	GSM5899873	4390	1278	1	1	0.0944625407166124	Singlet
TAGTTGGGTCCGCTGA-1	GSM5899873	5356	1920	2	2	0.192182410423453	Singlet
CTGCTGTGTTCAGGCC-1	GSM5899873	7896	2062	1	1	0.120521172638436	Singlet
CAGCGACGTAGAAAGG-1	GSM5899873	6036	1841	2	2	0.140065146579805	Singlet
CACACTCCAGTCAGCC-1	GSM5899873	5416	1854	2	2	0.156351791530945	Singlet
CCGTACTAGCAACGGT-1	GSM5899873	2726	1207	1	1	0.159609120521173	Singlet
AACTTTCGTGTGACCC-1	GSM5899873	6038	357	7	7	0.0618892508143322	Singlet
ACTGAACAGACTAGAT-1	GSM5899873	5800	1823	0	0	0.156351791530945	Singlet
CTGCGGATCTCGTTTA-1	GSM5899873	6562	1893	4	4	0.257328990228013	Singlet
ATCACGAGTAAAGTCA-1	GSM5899873	4586	1643	6	6	0.241042345276873	Singlet
TACTCATTCGCGTAGC-1	GSM5899873	5268	1816	2	2	0.143322475570033	Singlet
TGCTGCTTCGCATGGC-1	GSM5899873	5351	1693	6	6	0.244299674267101	Singlet
TCAACGAGTAGGCATG-1	GSM5899873	5775	1567	1	1	0.104234527687296	Singlet
GACTGCGGTACTTGAC-1	GSM5899873	3954	1457	1	1	0.140065146579805	Singlet
GGCCGATGTGCATCTA-1	GSM5899873	4340	1388	1	1	0.104234527687296	Singlet
TTGCCGTCAAGCGAGT-1	GSM5899873	4268	1527	2	2	0.146579804560261	Singlet
CCGGTAGGTTGACGTT-1	GSM5899873	3118	1228	1	1	0.0944625407166124	Singlet
GTTCATTGTACCGTAT-1	GSM5899873	5951	2195	1	1	0.198697068403909	Singlet
TCGGGACTCATTCACT-1	GSM5899873	6409	2018	2	2	0.166123778501629	Singlet
CACCTTGAGAATTGTG-1	GSM5899873	2091	1044	3	3	0.104234527687296	Singlet
TTCGGTCAGAGTACAT-1	GSM5899873	4413	1543	1	1	0.117263843648208	Singlet
CGGTTAAGTTTACTCT-1	GSM5899873	9131	2746	4	4	0.328990228013029	Doublet
CGGTTAATCAGGCAAG-1	GSM5899873	5097	1661	5	5	0.237785016286645	Singlet
ACCGTAAGTTAAGATG-1	GSM5899873	1572	958	1	1	0.153094462540717	Singlet
GGAACTTCAATAACGA-1	GSM5899873	5639	1931	0	0	0.224755700325733	Singlet
CCTAAAGCAATCTACG-1	GSM5899873	3749	1757	3	3	0.156351791530945	Singlet
ACGCAGCGTCTCAACA-1	GSM5899873	4567	1692	2	2	0.159609120521173	Singlet
GGAATAAAGATCACGG-1	GSM5899873	4358	1754	2	2	0.162866449511401	Singlet
CTGCCTAAGCCCAGCT-1	GSM5899873	5257	1656	1	1	0.143322475570033	Singlet
CCTACACAGTCTCGGC-1	GSM5899873	4622	2024	3	3	0.188925081433225	Singlet
ACTGTCCTCCGTCATC-1	GSM5899873	12132	3319	8	8	0.254071661237785	Singlet
CTACACCAGTTTCCTT-1	GSM5899873	10967	3092	6	6	0.309446254071661	Singlet
ATCACGAAGAGTAAGG-1	GSM5899873	1709	707	1	1	0.0846905537459283	Singlet
GGTGAAGTCTGCTGCT-1	GSM5899873	3804	1492	5	5	0.231270358306189	Singlet
GGACAAGTCAACTCTT-1	GSM5899873	4868	1703	6	6	0.241042345276873	Singlet
TATCAGGAGGAGCGTT-1	GSM5899873	7690	2087	0	0	0.182410423452769	Singlet
CCCAATCCAGTCGATT-1	GSM5899873	2585	1309	1	1	0.179153094462541	Singlet
GCATACAGTGTGAAAT-1	GSM5899873	7891	2253	8	8	0.185667752442997	Singlet
TGCCCATGTCCGAGTC-1	GSM5899873	4112	1667	5	5	0.312703583061889	Singlet
CACACAATCGGAAACG-1	GSM5899873	5094	1727	0	0	0.140065146579805	Singlet
AGCAGCCGTTAAAGAC-1	GSM5899873	3197	1319	0	0	0.143322475570033	Singlet
AGGCCACCAGCGATCC-1	GSM5899873	3939	1768	3	3	0.136807817589577	Singlet
ATCCGAAGTCTCCACT-1	GSM5899873	5732	323	7	7	0.0586319218241042	Singlet
GTTTCTACAGGGAGAG-1	GSM5899873	3926	165	7	7	0.0456026058631922	Singlet
CTGCGGACAGGGTTAG-1	GSM5899873	5429	1532	1	1	0.104234527687296	Singlet
CGTAGCGAGATGGGTC-1	GSM5899873	3108	1060	1	1	0.0912052117263844	Singlet
GATCTAGCACCCTATC-1	GSM5899873	6175	1958	0	0	0.192182410423453	Singlet
GACTACACAGCCAATT-1	GSM5899873	5351	2281	0	0	0.228013029315961	Singlet
TTCTACAAGCCAGTTT-1	GSM5899873	10543	3336	4	4	0.325732899022801	Singlet
TTCTCAAGTGGTAACG-1	GSM5899873	6364	1742	1	1	0.110749185667752	Singlet
TACGGGCAGTGAAGAG-1	GSM5899873	5142	1474	4	4	0.205211726384365	Singlet
GCAGCCAGTTTAAGCC-1	GSM5899873	3535	1458	3	3	0.143322475570033	Singlet
TGTGGTATCGGAGCAA-1	GSM5899873	4608	1347	1	1	0.0977198697068404	Singlet
TCTGGAACATCGTCGG-1	GSM5899873	4430	1274	1	1	0.0944625407166124	Singlet
CACCAGGAGACCTAGG-1	GSM5899873	5584	1763	0	0	0.127035830618893	Singlet
CTCACACTCGAACGGA-1	GSM5899873	4787	1514	6	6	0.228013029315961	Singlet
GGCCGATAGGTCGGAT-1	GSM5899873	5857	1680	1	1	0.130293159609121	Singlet
CACACCTGTTATCCGA-1	GSM5899873	6765	2157	0	0	0.195439739413681	Singlet
TCAACGATCGGAGGTA-1	GSM5899873	4807	1424	1	1	0.11400651465798	Singlet
ACAGCCGCAGATCTGT-1	GSM5899873	4956	1787	2	2	0.182410423452769	Singlet
GTTCGGGGTAGGCTGA-1	GSM5899873	3399	1216	0	0	0.100977198697068	Singlet
CTGTTTAAGTGGGTTG-1	GSM5899873	6583	1706	4	4	0.224755700325733	Singlet
CCTAAAGGTGAAGGCT-1	GSM5899873	6476	1721	1	1	0.117263843648208	Singlet
GTGCATAGTGGCCCTA-1	GSM5899873	1245	839	7	7	0.107491856677524	Singlet
AGCTTGACATCGGACC-1	GSM5899873	4841	1492	4	4	0.162866449511401	Singlet
GGAATAACAACTTGAC-1	GSM5899873	5202	2023	8	8	0.182410423452769	Singlet
ATCACGATCGCGATCG-1	GSM5899873	1709	1105	3	3	0.130293159609121	Singlet
TGGGCGTGTTCTGGTA-1	GSM5899873	7677	1931	0	0	0.136807817589577	Singlet
AGAGTGGTCTCGCTTG-1	GSM5899873	3647	1265	0	0	0.123778501628664	Singlet
ATAGACCAGGATGCGT-1	GSM5899873	5497	1783	0	0	0.140065146579805	Singlet
CGGACTGTCGTACCGG-1	GSM5899873	9241	2728	4	4	0.286644951140065	Singlet
CCTACCACACTGTCGG-1	GSM5899873	3640	1877	3	3	0.162866449511401	Singlet
TAGACCAAGTGGGCTA-1	GSM5899873	6503	1697	0	0	0.143322475570033	Singlet
CTTACCGAGTTCCACA-1	GSM5899873	5363	2054	2	2	0.162866449511401	Singlet
TTCGAAGGTTACGACT-1	GSM5899873	3284	1295	4	4	0.237785016286645	Singlet
TCTTTCCTCCACTCCA-1	GSM5899873	3525	1741	3	3	0.195439739413681	Singlet
TCTCATAGTCGGCATC-1	GSM5899873	2590	1069	1	1	0.110749185667752	Singlet
GTATTCTGTTGCGCAC-1	GSM5899873	5492	1638	0	0	0.123778501628664	Singlet
CCACGGAAGCAGCCTC-1	GSM5899873	8033	2145	0	0	0.211726384364821	Singlet
GCTGGGTCACTTACGA-1	GSM5899873	5126	1558	0	0	0.159609120521173	Singlet
CGGCTAGTCTCTGCTG-1	GSM5899873	10456	2964	4	4	0.286644951140065	Singlet
TTTCCTCCAATCGAAA-1	GSM5899873	3383	1216	1	1	0.123778501628664	Singlet
AGGCCACAGTACGTTC-1	GSM5899873	4342	1710	2	2	0.136807817589577	Singlet
GCTTGAAAGTGTTTGC-1	GSM5899873	7330	1964	4	4	0.244299674267101	Singlet
TCAGGATTCTCACATT-1	GSM5899873	16729	4522	8	8	0.257328990228013	Singlet
GACTAACGTGTTTGTG-1	GSM5899873	4009	1177	1	1	0.110749185667752	Singlet
ATTGGACAGGCTCTTA-1	GSM5899873	2652	1284	2	2	0.107491856677524	Singlet
CCTTCGAAGCCCTAAT-1	GSM5899873	5565	2160	2	2	0.195439739413681	Singlet
GACGCGTAGGGTCGAT-1	GSM5899873	4180	1873	3	3	0.166123778501629	Singlet
CGGACTGGTACTTGAC-1	GSM5899873	4545	1720	5	5	0.224755700325733	Singlet
AGAGTGGAGCAGACTG-1	GSM5899873	6048	2383	3	3	0.175895765472313	Singlet
CGTAGGCTCTTCCTTC-1	GSM5899873	4713	1567	1	1	0.143322475570033	Singlet
GGTGCGTCAACCGCCA-1	GSM5899873	3087	1587	3	3	0.133550488599349	Singlet
TTGCGTCCAGCGTTCG-1	GSM5899873	7501	2103	0	0	0.159609120521173	Singlet
TTCGAAGGTGTGACGA-1	GSM5899873	8579	2582	0	0	0.208469055374593	Singlet
AGGCCACAGGCAGTCA-1	GSM5899873	5329	1769	0	0	0.11400651465798	Singlet
TCGTACCCAGTATAAG-1	GSM5899873	4754	1648	0	0	0.143322475570033	Singlet
CTGCGGACATTGGCGC-1	GSM5899873	3123	1458	3	3	0.123778501628664	Singlet
GCATACAAGCGTCAAG-1	GSM5899873	4639	1450	1	1	0.104234527687296	Singlet
CGCCAAGAGAGCCCAA-1	GSM5899873	5881	1760	2	2	0.175895765472313	Singlet
CATGGCGTCAGCTGGC-1	GSM5899873	4908	1672	2	2	0.0977198697068404	Singlet
ACTATCTTCGCGATCG-1	GSM5899873	7971	1946	0	0	0.117263843648208	Singlet
TAAACCGGTCAATACC-1	GSM5899873	7025	349	7	7	0.0586319218241042	Singlet
AGTGAGGAGAAGCCCA-1	GSM5899873	4840	1541	0	0	0.0944625407166124	Singlet
AGGGAGTTCGGATGTT-1	GSM5899873	4669	1629	2	2	0.166123778501629	Singlet
GACGCGTTCAACACAC-1	GSM5899873	6091	1702	1	1	0.123778501628664	Singlet
CGAGCCACAAGTTGTC-1	GSM5899873	1924	943	1	1	0.127035830618893	Singlet
ACTGATGTCTCCTATA-1	GSM5899873	5534	1698	1	1	0.133550488599349	Singlet
TAGTGGTAGCCGTCGT-1	GSM5899873	3909	1387	2	2	0.143322475570033	Singlet
TGTCCCAGTTATCACG-1	GSM5899873	3377	1598	3	3	0.133550488599349	Singlet
CGTAGGCGTGATGCCC-1	GSM5899873	7946	2550	8	8	0.260586319218241	Singlet
CTTAGGATCCTCGCAT-1	GSM5899873	7385	1924	0	0	0.127035830618893	Singlet
GATTCAGGTCTCCATC-1	GSM5899873	4471	1537	1	1	0.123778501628664	Singlet
GATCGCGGTCCAACTA-1	GSM5899873	9830	2625	0	0	0.182410423452769	Singlet
CTCATTAGTTCGTCTC-1	GSM5899873	4788	1827	8	8	0.224755700325733	Singlet
GGTATTGTCCGCATCT-1	GSM5899873	4056	1527	2	2	0.159609120521173	Singlet
GCTGCTTTCCAAATGC-1	GSM5899873	3911	1708	3	3	0.166123778501629	Singlet
TTCGAAGAGCCCAACC-1	GSM5899873	6630	1637	1	1	0.0977198697068404	Singlet
TGAGAGGAGAACTGTA-1	GSM5899873	5565	1755	4	4	0.267100977198697	Singlet
CTAGAGTGTGAACCTT-1	GSM5899873	9505	2617	0	0	0.237785016286645	Singlet
TCAGCAAGTGGTAACG-1	GSM5899873	5343	1636	0	0	0.169381107491857	Singlet
AGGCCACTCTTACCGC-1	GSM5899873	7467	2264	1	1	0.156351791530945	Singlet
TTTGGTTAGTGTCCCG-1	GSM5899873	3001	1378	3	3	0.149837133550489	Singlet
GCGCGATAGTACGTAA-1	GSM5899873	4340	1500	1	1	0.130293159609121	Singlet
GTTAAGCTCAGATAAG-1	GSM5899873	5248	1609	6	6	0.221498371335505	Singlet
ACACTGACAGATTGCT-1	GSM5899873	3150	1423	3	3	0.136807817589577	Singlet
TACGGGCTCATGCAAC-1	GSM5899873	5032	2351	3	3	0.201954397394137	Singlet
GATGAAAGTTCGAATC-1	GSM5899873	13641	3155	4	4	0.276872964169381	Singlet
TACGGATTCATGTCCC-1	GSM5899873	10304	3103	8	8	0.276872964169381	Singlet
ATCTACTGTCCGACGT-1	GSM5899873	5961	1963	2	2	0.169381107491857	Singlet
GTCTTCGAGTAGCGGT-1	GSM5899873	3287	1066	0	0	0.0944625407166124	Singlet
TCACGAAGTCGGCATC-1	GSM5899873	4796	2050	3	3	0.156351791530945	Singlet
CACCTTGTCAAGAAGT-1	GSM5899873	6531	2457	2	2	0.185667752442997	Singlet
TTATGCTTCTTAGCCC-1	GSM5899873	5531	1919	0	0	0.182410423452769	Singlet
GTCACAATCGTGGACC-1	GSM5899873	6893	1911	4	4	0.231270358306189	Singlet
CTGTGCTCATCATCCC-1	GSM5899873	6770	1674	1	1	0.107491856677524	Singlet
AAGCCGCCATTCGACA-1	GSM5899873	7489	2111	0	0	0.130293159609121	Singlet
TTGACTTGTCAAGCGA-1	GSM5899873	593	422	7	7	0.0781758957654723	Singlet
GGCGTGTTCCTGCCAT-1	GSM5899873	5584	1751	4	4	0.221498371335505	Singlet
TGGACGCTCAGTCAGT-1	GSM5899873	3465	1171	0	0	0.120521172638436	Singlet
CTTTGCGGTCTAGAGG-1	GSM5899873	4364	1445	2	2	0.133550488599349	Singlet
GATCGATGTAGAGGAA-1	GSM5899873	5937	1871	0	0	0.188925081433225	Singlet
TGAGGGATCTGTCAAG-1	GSM5899873	1560	1009	0	0	0.140065146579805	Singlet
ATTCTACAGCCTATGT-1	GSM5899873	576	446	7	7	0.0521172638436482	Singlet
TACGGGCAGCCACCTG-1	GSM5899873	4515	1898	3	3	0.182410423452769	Singlet
CCACCTAAGAGGGATA-1	GSM5899873	2490	946	1	1	0.117263843648208	Singlet
AGACGTTGTTCGTTGA-1	GSM5899873	6783	1676	0	0	0.117263843648208	Singlet
CGGACGTGTGCCTGTG-1	GSM5899873	7233	1911	0	0	0.159609120521173	Singlet
CAACCTCTCTATCGCC-1	GSM5899873	4568	1889	2	2	0.188925081433225	Singlet
CCCAATCGTAGCGTAG-1	GSM5899873	6725	1823	1	1	0.120521172638436	Singlet
CTACGTCAGAAGGACA-1	GSM5899873	2630	1108	2	2	0.100977198697068	Singlet
AGGCCACGTCATCCCT-1	GSM5899873	3052	1719	0	0	0.218241042345277	Singlet
TGCACCTTCTCAAACG-1	GSM5899873	5160	1918	2	2	0.143322475570033	Singlet
GTGTTAGGTAGCGCTC-1	GSM5899873	2522	1335	3	3	0.140065146579805	Singlet
CAGTCCTCACTGTTAG-1	GSM5899873	7541	2166	0	0	0.182410423452769	Singlet
CCGTACTCAGGTTTCA-1	GSM5899873	3644	1425	5	5	0.267100977198697	Singlet
GTTCGGGGTATATCCG-1	GSM5899873	5648	1678	4	4	0.231270358306189	Singlet
CACAGGCCAGTAAGAT-1	GSM5899873	3293	1425	0	0	0.179153094462541	Singlet
CAGCTGGCACAAGACG-1	GSM5899873	4272	1847	3	3	0.166123778501629	Singlet
CTCGAGGGTGGTAACG-1	GSM5899873	6053	1793	4	4	0.254071661237785	Singlet
AACTCTTGTTCCCTTG-1	GSM5899873	504	399	7	7	0.0553745928338762	Singlet
CTAGTGAAGAGACGAA-1	GSM5899873	8722	2516	6	6	0.241042345276873	Singlet
CGTTAGAGTCTCGTTC-1	GSM5899873	5976	1509	1	1	0.0912052117263844	Singlet
GGACGTCGTTAAAGAC-1	GSM5899873	8580	2218	4	4	0.250814332247557	Singlet
CCACGGACAGGTGGAT-1	GSM5899873	10115	2621	0	0	0.179153094462541	Singlet
GCGCAGTCACCGATAT-1	GSM5899873	5917	1959	2	2	0.198697068403909	Singlet
GCGCCAAAGTGAACAT-1	GSM5899873	5107	1523	1	1	0.130293159609121	Singlet
AGTGGGAGTAAATGAC-1	GSM5899873	5653	1473	1	1	0.0977198697068404	Singlet
ACGCCAGTCACTATTC-1	GSM5899873	6298	1989	0	0	0.133550488599349	Singlet
CAGCAGCTCCGATATG-1	GSM5899873	5761	2538	0	0	0.345276872964169	Doublet
ACCCACTGTTACCGAT-1	GSM5899873	6168	1810	1	1	0.123778501628664	Singlet
GTAGTCACACATCCGG-1	GSM5899873	770	522	1	1	0.0846905537459283	Singlet
CTGATCCGTTTGCATG-1	GSM5899873	2166	1115	2	2	0.117263843648208	Singlet
TGGGCGTGTGCGATAG-1	GSM5899873	4523	1424	2	2	0.130293159609121	Singlet
TCCCGATCAGGAATCG-1	GSM5899873	5969	1925	4	4	0.214983713355049	Singlet
CGGAGTCCATTTCACT-1	GSM5899873	10722	3011	8	8	0.221498371335505	Singlet
TTTACTGGTACCATCA-1	GSM5899873	9364	3108	0	0	0.374592833876221	Doublet
TGAGGGAAGTGGGCTA-1	GSM5899873	4666	1465	6	6	0.205211726384365	Singlet
TACCTTACAGGGCATA-1	GSM5899873	1977	892	5	5	0.133550488599349	Singlet
AAGACCTGTCTAACGT-1	GSM5899873	4136	1864	3	3	0.153094462540717	Singlet
TGGTTAGTCAACACGT-1	GSM5899873	4986	1814	2	2	0.166123778501629	Singlet
ACGATGTTCCGTTGCT-1	GSM5899873	5972	1627	1	1	0.130293159609121	Singlet
GGCTGGTAGGCAAAGA-1	GSM5899873	10892	3386	2	2	0.175895765472313	Singlet
CGAACATAGACAGACC-1	GSM5899873	4441	1583	4	4	0.244299674267101	Singlet
TACTTGTGTGAGTATA-1	GSM5899873	7279	1959	1	1	0.11400651465798	Singlet
ACTGAACGTCTGCCAG-1	GSM5899873	3447	1216	1	1	0.104234527687296	Singlet
ATCATCTTCACTGGGC-1	GSM5899873	6913	2183	0	0	0.188925081433225	Singlet
TGAGCCGCACGAAAGC-1	GSM5899873	5351	1938	2	2	0.153094462540717	Singlet
GCACATATCTGTCTCG-1	GSM5899873	3266	1244	0	0	0.169381107491857	Singlet
CGTGTAATCGTCTGCT-1	GSM5899873	4407	1357	1	1	0.110749185667752	Singlet
GCTTGAATCTTAGCCC-1	GSM5899873	4224	1886	3	3	0.166123778501629	Singlet
TATCAGGCAAGCCCAC-1	GSM5899873	4521	1587	1	1	0.133550488599349	Singlet
CGGACACAGTTTGCGT-1	GSM5899873	8596	2526	0	0	0.169381107491857	Singlet
GCAGCCAGTCTAGAGG-1	GSM5899873	3636	1488	2	2	0.175895765472313	Singlet
GTCATTTCACGTAAGG-1	GSM5899873	7544	2276	4	4	0.286644951140065	Singlet
GAGCAGAAGTTGTAGA-1	GSM5899873	4523	1759	2	2	0.133550488599349	Singlet
GTTCGGGCAATAACGA-1	GSM5899873	7419	2186	0	0	0.143322475570033	Singlet
GTACTCCAGTCCGTAT-1	GSM5899873	6284	1939	4	4	0.247557003257329	Singlet
ATTTCTGCATCCGGGT-1	GSM5899873	3353	1277	5	5	0.244299674267101	Singlet
GTAACTGAGTAGGTGC-1	GSM5899873	664	427	7	7	0.0358306188925081	Singlet
AGCTCTCAGTCCATAC-1	GSM5899873	7609	2450	0	0	0.237785016286645	Singlet
CGCGGTACATTGTGCA-1	GSM5899873	4473	1300	1	1	0.130293159609121	Singlet
AACTGGTTCCTGCAGG-1	GSM5899873	9460	2830	8	8	0.257328990228013	Singlet
AGATCTGAGAGTGACC-1	GSM5899873	2900	1113	0	0	0.0977198697068404	Singlet
TGAGCCGAGCAATATG-1	GSM5899873	6106	1625	1	1	0.104234527687296	Singlet
GTGCTTCAGCCAGTTT-1	GSM5899873	7511	2035	0	0	0.143322475570033	Singlet
CCTCAGTTCGATGAGG-1	GSM5899873	2554	1365	0	0	0.234527687296417	Singlet
CTGCCTATCGCATGAT-1	GSM5899873	17287	3608	0	0	0.175895765472313	Singlet
GATGCTAAGACCACGA-1	GSM5899873	5469	2081	2	2	0.175895765472313	Singlet
CTAGAGTGTCATGCAT-1	GSM5899873	1384	885	3	3	0.153094462540717	Singlet
AGCAGCCAGTCCAGGA-1	GSM5899873	5057	1697	6	6	0.234527687296417	Singlet
ACGCCAGAGCTCCCAG-1	GSM5899873	9135	2760	8	8	0.283387622149837	Singlet
GTGCGGTCACTTACGA-1	GSM5899873	5475	1878	2	2	0.185667752442997	Singlet
CTCTAATGTCTCGTTC-1	GSM5899873	5180	1915	6	6	0.299674267100977	Singlet
CAGCCGACACAGACAG-1	GSM5899873	4030	1657	2	2	0.175895765472313	Singlet
TCAGCTCCAGCAGTTT-1	GSM5899873	7264	2519	0	0	0.241042345276873	Singlet
GCAATCACAGACGTAG-1	GSM5899873	8896	2679	4	4	0.260586319218241	Singlet
TGACAACTCTTAGCCC-1	GSM5899873	5951	1818	1	1	0.11400651465798	Singlet
CCAATCCAGCCGTCGT-1	GSM5899873	8265	2752	3	3	0.143322475570033	Singlet
TTGGAACGTGACAAAT-1	GSM5899873	5535	1786	2	2	0.166123778501629	Singlet
CCTCAGTTCCAAACTG-1	GSM5899873	4178	1993	3	3	0.211726384364821	Singlet
GGGAGATGTGACCAAG-1	GSM5899873	10571	3324	8	8	0.358306188925081	Doublet
GCTGGGTAGCAACGGT-1	GSM5899873	9022	2601	8	8	0.214983713355049	Singlet
TCCACACAGATGTGGC-1	GSM5899873	3375	1658	3	3	0.201954397394137	Singlet
CAACTAGAGAGCCTAG-1	GSM5899873	1944	935	0	0	0.136807817589577	Singlet
CATCAGATCATCATTC-1	GSM5899873	4560	1669	6	6	0.260586319218241	Singlet
TGTGTTTCACCTCGTT-1	GSM5899873	19058	4278	4	4	0.348534201954397	Doublet
ACTGATGCACCTCGTT-1	GSM5899873	3361	1369	2	2	0.146579804560261	Singlet
ACGGGTCCAGCCTGTG-1	GSM5899873	4943	1619	1	1	0.140065146579805	Singlet
GCGGGTTGTTCCCGAG-1	GSM5899873	4606	1547	1	1	0.107491856677524	Singlet
TTGCGTCTCCCTCTTT-1	GSM5899873	9865	3239	8	8	0.273615635179153	Singlet
CCTTCCCGTGCAGACA-1	GSM5899873	5044	1609	1	1	0.120521172638436	Singlet
GTCATTTAGTGTACCT-1	GSM5899873	3172	1110	0	0	0.0781758957654723	Singlet
ACCCACTTCTGGGCCA-1	GSM5899873	973	615	7	7	0.0553745928338762	Singlet
TGGCTGGAGGCCCTTG-1	GSM5899873	2245	1020	6	6	0.192182410423453	Singlet
CTAGAGTGTCTTGTCC-1	GSM5899873	4045	1718	8	8	0.218241042345277	Singlet
GCTTGAACATACTACG-1	GSM5899873	2708	1517	0	0	0.250814332247557	Singlet
GTGTGCGTCGTTGACA-1	GSM5899873	4701	1558	2	2	0.123778501628664	Singlet
ACTGCTCCACCAGCAC-1	GSM5899873	5917	1783	1	1	0.107491856677524	Singlet
CGGAGCTCAGCGTAAG-1	GSM5899873	2579	982	1	1	0.104234527687296	Singlet
CCTACACGTGTGCCTG-1	GSM5899873	3093	1390	5	5	0.247557003257329	Singlet
GCTGGGTCAGGAATCG-1	GSM5899873	9310	2685	2	2	0.188925081433225	Singlet
ACGGGCTTCGGTTCGG-1	GSM5899873	2941	1451	3	3	0.172638436482085	Singlet
GCAATCAAGGGCTTCC-1	GSM5899873	2620	950	1	1	0.0977198697068404	Singlet
TACTCGCTCACCTTAT-1	GSM5899873	5892	1872	0	0	0.149837133550489	Singlet
GTGTTAGAGGAGCGAG-1	GSM5899873	2174	1075	2	2	0.123778501628664	Singlet
TACACGATCGAATGCT-1	GSM5899873	4220	1385	1	1	0.123778501628664	Singlet
TTAACTCAGTATGACA-1	GSM5899873	10738	3033	4	4	0.247557003257329	Singlet
CGCTTCAAGACAATAC-1	GSM5899873	7237	2200	1	1	0.149837133550489	Singlet
TGTGTTTAGCTACCTA-1	GSM5899873	5349	1567	0	0	0.117263843648208	Singlet
CGAATGTGTGCATCTA-1	GSM5899873	4153	1356	6	6	0.214983713355049	Singlet
AACTCTTTCCGAACGC-1	GSM5899873	3854	1514	0	0	0.214983713355049	Singlet
GCGACCACATGGGAAC-1	GSM5899873	1345	905	7	7	0.136807817589577	Singlet
CTCCTAGTCCGTAGGC-1	GSM5899873	6211	2397	8	8	0.234527687296417	Singlet
CGTCCATCAGCCAGAA-1	GSM5899873	6233	2171	2	2	0.195439739413681	Singlet
CGAGAAGCAGTCGTGC-1	GSM5899873	6833	1589	1	1	0.104234527687296	Singlet
TATTACCAGGGTCGAT-1	GSM5899873	3889	1530	2	2	0.133550488599349	Singlet
ACGGAGACACGGTAAG-1	GSM5899873	12337	2947	1	1	0.153094462540717	Singlet
TACAGTGCATGAACCT-1	GSM5899873	9643	2587	4	4	0.267100977198697	Singlet
TAAGCGTTCTTGTCAT-1	GSM5899873	2965	1421	3	3	0.120521172638436	Singlet
TGGACGCTCCTGTACC-1	GSM5899873	770	547	3	3	0.0553745928338762	Singlet
GGACAGAGTAAGCACG-1	GSM5899873	2798	1215	5	5	0.166123778501629	Singlet
AGCATACAGTTCGATC-1	GSM5899873	4620	1624	1	1	0.120521172638436	Singlet
TCACAAGAGACTACAA-1	GSM5899873	4646	1719	6	6	0.228013029315961	Singlet
TTTGTCAAGGTAGCCA-1	GSM5899873	3772	1542	2	2	0.175895765472313	Singlet
TGAGCATCAGGTCGTC-1	GSM5899873	4855	1436	1	1	0.110749185667752	Singlet
CAAGAAAGTAGCGATG-1	GSM5899873	2551	1115	0	0	0.143322475570033	Singlet
AGATCTGGTGATGTCT-1	GSM5899873	7016	1950	4	4	0.247557003257329	Singlet
TGAAAGAAGGGTTCCC-1	GSM5899873	5417	1755	0	0	0.130293159609121	Singlet
GCGCAACAGCTAGCCC-1	GSM5899873	6269	1775	0	0	0.136807817589577	Singlet
ACAGCCGAGCTGGAAC-1	GSM5899873	4172	1447	1	1	0.104234527687296	Singlet
CTAGAGTAGAAGGCCT-1	GSM5899873	12397	3259	2	2	0.260586319218241	Singlet
CTTAACTCAGATCTGT-1	GSM5899873	13248	3562	4	4	0.338762214983713	Doublet
CGTTGGGTCAGTCAGT-1	GSM5899873	13297	3271	4	4	0.315960912052117	Singlet
CTGTTTAGTATAATGG-1	GSM5899873	3357	1601	3	3	0.175895765472313	Singlet
TAGACCATCGGAATCT-1	GSM5899873	3162	1500	3	3	0.140065146579805	Singlet
CCACGGATCCTGCCAT-1	GSM5899873	5199	1853	2	2	0.179153094462541	Singlet
TATCTCACAAGGTGTG-1	GSM5899873	7001	1918	0	0	0.156351791530945	Singlet
CTCATTACACGAAAGC-1	GSM5899873	7960	2227	0	0	0.214983713355049	Singlet
GGCGTGTTCTTCATGT-1	GSM5899873	2497	973	1	1	0.110749185667752	Singlet
CGCCAAGTCCGCATCT-1	GSM5899873	7903	2394	4	4	0.273615635179153	Singlet
CTGCTGTGTTCCGTCT-1	GSM5899873	3781	1597	2	2	0.172638436482085	Singlet
CCACGGATCGCCATAA-1	GSM5899873	746	557	7	7	0.0716612377850163	Singlet
AGGGATGGTAAATGTG-1	GSM5899873	4331	1603	2	2	0.169381107491857	Singlet
GACTAACCAATGGACG-1	GSM5899873	4450	1799	2	2	0.175895765472313	Singlet
CGGACGTAGGCTACGA-1	GSM5899873	7398	2179	1	1	0.146579804560261	Singlet
TTTGCGCTCCCAAGAT-1	GSM5899873	8876	2837	0	0	0.244299674267101	Singlet
ACTGAACTCCGGCACA-1	GSM5899873	8465	2340	0	0	0.133550488599349	Singlet
TTCTCCTGTTGAGTTC-1	GSM5899873	5634	1700	1	1	0.11400651465798	Singlet
TGACTAGGTCCAGTAT-1	GSM5899873	3800	1587	3	3	0.133550488599349	Singlet
TCAGGTACATGACATC-1	GSM5899873	13869	4172	4	4	0.302931596091205	Singlet
CGATGGCGTACCATCA-1	GSM5899873	2717	1179	2	2	0.153094462540717	Singlet
GGACATTGTAGCGTAG-1	GSM5899873	3267	1464	3	3	0.140065146579805	Singlet
CAGCCGAAGGGTGTTG-1	GSM5899873	3674	1304	1	1	0.100977198697068	Singlet
CTTAGGATCTTTACAC-1	GSM5899873	3144	1139	0	0	0.179153094462541	Singlet
CGTTCTGGTCTGCGGT-1	GSM5899873	3868	1368	2	2	0.120521172638436	Singlet
AGACGTTGTTGATTCG-1	GSM5899873	3041	1403	3	3	0.133550488599349	Singlet
CACAGGCGTCTGATTG-1	GSM5899873	6575	1823	0	0	0.146579804560261	Singlet
ACGCCAGAGATAGTCA-1	GSM5899873	899	638	1	1	0.133550488599349	Singlet
AGGCCACTCACCCGAG-1	GSM5899873	7268	2110	4	4	0.263843648208469	Singlet
ATCTACTAGACGCTTT-1	GSM5899873	2349	1206	0	0	0.11400651465798	Singlet
AGAGCTTTCCAGAGGA-1	GSM5899873	4291	1597	3	3	0.130293159609121	Singlet
CGAGAAGAGCCACGCT-1	GSM5899873	6224	1683	1	1	0.0977198697068404	Singlet
GGCGACTTCATCACCC-1	GSM5899873	3836	1486	2	2	0.140065146579805	Singlet
AGAGTGGTCGCTTGTC-1	GSM5899873	6301	1547	1	1	0.0977198697068404	Singlet
TTGCGTCCATTCGACA-1	GSM5899873	5853	1679	1	1	0.130293159609121	Singlet
AGTGAGGGTGAGGCTA-1	GSM5899873	1683	772	6	6	0.172638436482085	Singlet
CCAATCCGTAACGACG-1	GSM5899873	9130	2191	0	0	0.169381107491857	Singlet
AGAATAGCAAGGTTTC-1	GSM5899873	4621	1982	3	3	0.179153094462541	Singlet
CACCTTGCAACTGGCC-1	GSM5899873	3391	1533	2	2	0.153094462540717	Singlet
ACTTACTTCTGCGTAA-1	GSM5899873	4976	2350	0	0	0.296416938110749	Singlet
CCCAGTTAGAACAACT-1	GSM5899873	3639	1480	2	2	0.182410423452769	Singlet
ATTACTCAGAGTGACC-1	GSM5899873	8473	3137	3	3	0.244299674267101	Singlet
AACCATGAGTATCTCG-1	GSM5899873	811	572	7	7	0.0618892508143322	Singlet
GGCCGATGTTTGGGCC-1	GSM5899873	9223	2823	4	4	0.342019543973941	Doublet
TCTGAGAAGGGTGTGT-1	GSM5899873	4210	1593	2	2	0.172638436482085	Singlet
TTCTCAAGTAATCGTC-1	GSM5899873	4372	1483	2	2	0.11400651465798	Singlet
TCTGGAAAGGTTACCT-1	GSM5899873	6493	2121	4	4	0.273615635179153	Singlet
GACTACATCTGGCGTG-1	GSM5899873	15672	3337	4	4	0.205211726384365	Singlet
GCCTCTAAGACAGACC-1	GSM5899873	4659	1977	3	3	0.214983713355049	Singlet
AGGCCGTAGTCGTTTG-1	GSM5899873	3653	1353	5	5	0.179153094462541	Singlet
GGACAGAGTGTGGCTC-1	GSM5899873	4033	1660	3	3	0.136807817589577	Singlet
CGAGCACAGACAAGCC-1	GSM5899873	3482	1294	0	0	0.104234527687296	Singlet
CCTACCACATACAGCT-1	GSM5899873	5584	1770	1	1	0.11400651465798	Singlet
TCAGCTCTCCTGTAGA-1	GSM5899873	5944	2119	2	2	0.149837133550489	Singlet
GGCTGGTGTCGCATCG-1	GSM5899873	6724	1816	1	1	0.117263843648208	Singlet
CAAGATCGTCATATCG-1	GSM5899873	1285	797	1	1	0.146579804560261	Singlet
CGAGAAGTCCAAGTAC-1	GSM5899873	11481	2590	7	7	0.146579804560261	Singlet
ACACCGGGTAGCCTAT-1	GSM5899873	1790	906	5	5	0.169381107491857	Singlet
AAAGATGCACGACGAA-1	GSM5899873	9561	2535	0	0	0.218241042345277	Singlet
GATCGTATCAAACCGT-1	GSM5899873	7470	2152	4	4	0.299674267100977	Singlet
CTGATAGCAAGTCATC-1	GSM5899873	5016	1595	1	1	0.133550488599349	Singlet
ACAGCCGTCTCGCATC-1	GSM5899873	3632	1451	5	5	0.244299674267101	Singlet
CGTGTAAAGAGCTGGT-1	GSM5899873	4168	1767	3	3	0.166123778501629	Singlet
CTAACTTTCGCCAAAT-1	GSM5899873	3010	1099	1	1	0.104234527687296	Singlet
AGTTGGTTCAGCTCGG-1	GSM5899873	3567	1428	2	2	0.136807817589577	Singlet
GAATAAGGTTACCGAT-1	GSM5899873	4842	1823	5	5	0.315960912052117	Singlet
CGTAGGCGTTCCGTCT-1	GSM5899873	1679	1041	7	7	0.136807817589577	Singlet
TGCACCTGTCACCCAG-1	GSM5899873	9162	2810	1	1	0.247557003257329	Singlet
AAGGAGCTCAACGGCC-1	GSM5899873	4662	1957	3	3	0.198697068403909	Singlet
ATTATCCGTCATATGC-1	GSM5899873	3358	1539	3	3	0.156351791530945	Singlet
CGCCAAGTCGATGAGG-1	GSM5899873	5641	1464	1	1	0.104234527687296	Singlet
CCTAGCTAGGGCTCTC-1	GSM5899873	4344	1944	3	3	0.175895765472313	Singlet
CTCGTCAAGTGTTTGC-1	GSM5899873	1305	754	1	1	0.0814332247557003	Singlet
TTGTAGGCATCGGTTA-1	GSM5899873	5256	1768	0	0	0.133550488599349	Singlet
AAGTCTGGTCAATGTC-1	GSM5899873	5407	1749	6	6	0.257328990228013	Singlet
CAAGATCTCGGCGGTT-1	GSM5899873	4273	1439	1	1	0.130293159609121	Singlet
ACCTTTAAGGTACTCT-1	GSM5899873	4449	1431	1	1	0.100977198697068	Singlet
GGATTACAGCTGCGAA-1	GSM5899873	1778	1104	1	1	0.159609120521173	Singlet
GCTCTGTCATTAGGCT-1	GSM5899873	6026	1808	4	4	0.221498371335505	Singlet
CAGAATCAGTACATGA-1	GSM5899873	2693	1305	2	2	0.205211726384365	Singlet
AGTAGTCAGCGTTGCC-1	GSM5899873	5175	1667	2	2	0.146579804560261	Singlet
TTTACTGGTAACGTTC-1	GSM5899873	5322	2067	2	2	0.182410423452769	Singlet
ACTTGTTGTCCCTTGT-1	GSM5899873	4235	1976	8	8	0.211726384364821	Singlet
AAACGGGTCAGCGACC-1	GSM5899873	1947	1172	0	0	0.224755700325733	Singlet
CAAGAAAAGCGTGAGT-1	GSM5899873	1898	1029	3	3	0.120521172638436	Singlet
TCGTACCCAGTTCATG-1	GSM5899873	2037	1043	3	3	0.149837133550489	Singlet
GTTCATTGTTGTCTTT-1	GSM5899873	4774	1575	1	1	0.140065146579805	Singlet
CTAGCCTTCAGGCGAA-1	GSM5899873	2148	1168	3	3	0.130293159609121	Singlet
GGACGTCGTCCAAGTT-1	GSM5899873	3278	1431	3	3	0.140065146579805	Singlet
TGACTAGTCGATAGAA-1	GSM5899873	2421	1280	3	3	0.162866449511401	Singlet
GTCAAGTTCAAACAAG-1	GSM5899873	2023	1005	2	2	0.0879478827361563	Singlet
GCTTGAACAAGTTAAG-1	GSM5899873	3779	1485	0	0	0.182410423452769	Singlet
ACGCCGAAGTGACTCT-1	GSM5899873	4438	1632	2	2	0.188925081433225	Singlet
GTCGGGTGTCGGATCC-1	GSM5899873	6747	1768	1	1	0.11400651465798	Singlet
ATCGAGTCATCTCCCA-1	GSM5899873	8109	2437	4	4	0.283387622149837	Singlet
AGTTGGTAGTTGAGAT-1	GSM5899873	849	368	7	7	0.0456026058631922	Singlet
CTCAGAAGTCAGAATA-1	GSM5899873	3741	1333	1	1	0.130293159609121	Singlet
CATCAAGTCGGTGTCG-1	GSM5899873	1701	946	2	2	0.0912052117263844	Singlet
CACACTCCACGCTTTC-1	GSM5899873	4320	1781	3	3	0.130293159609121	Singlet
GACTGCGAGCGCTCCA-1	GSM5899873	6428	2067	0	0	0.231270358306189	Singlet
CCTACACGTCGATTGT-1	GSM5899873	8217	2810	8	8	0.270358306188925	Singlet
ACGGAGAGTTACTGAC-1	GSM5899873	3073	1177	6	6	0.188925081433225	Singlet
AACCGCGTCTGAAAGA-1	GSM5899873	11679	2848	4	4	0.280130293159609	Singlet
CTTAGGAGTTATGTGC-1	GSM5899873	3787	1557	2	2	0.172638436482085	Singlet
CTCATTAAGTAAGTAC-1	GSM5899873	5050	1920	2	2	0.162866449511401	Singlet
AAACGGGCATCTCCCA-1	GSM5899873	642	512	7	7	0.0293159609120521	Singlet
CTTTGCGCACCTCGGA-1	GSM5899873	4673	1818	2	2	0.192182410423453	Singlet
CTCTGGTTCCGAATGT-1	GSM5899873	6014	1740	1	1	0.120521172638436	Singlet
CGGACACCATCGGACC-1	GSM5899873	5146	1665	1	1	0.120521172638436	Singlet
TTTATGCGTCTAAAGA-1	GSM5899873	3823	1725	8	8	0.162866449511401	Singlet
AACTCTTTCCCATTTA-1	GSM5899873	2577	1410	5	5	0.195439739413681	Singlet
AGTGTCAAGCAATCTC-1	GSM5899873	11241	3151	4	4	0.250814332247557	Singlet
AGGCCGTCAAGCGAGT-1	GSM5899873	5388	1882	2	2	0.153094462540717	Singlet
CTCAGAACATACGCTA-1	GSM5899873	5463	1885	4	4	0.283387622149837	Singlet
GACTAACCAGATCCAT-1	GSM5899873	1887	1133	3	3	0.123778501628664	Singlet
CGATGGCAGATCGGGT-1	GSM5899873	2331	1222	3	3	0.136807817589577	Singlet
ATCTACTCAGTATCTG-1	GSM5899873	1071	682	7	7	0.0553745928338762	Singlet
GCGCGATTCCTCAACC-1	GSM5899873	6456	2090	5	5	0.267100977198697	Singlet
GTAACGTAGTTGAGAT-1	GSM5899873	2537	1470	1	1	0.198697068403909	Singlet
TCAACGATCGGAAATA-1	GSM5899873	4560	1639	2	2	0.146579804560261	Singlet
GAAATGACAAACTGCT-1	GSM5899873	6542	1810	6	6	0.244299674267101	Singlet
CGTAGCGCATCGGACC-1	GSM5899873	5113	1693	1	1	0.110749185667752	Singlet
GACCAATTCATCACCC-1	GSM5899873	16480	4051	8	8	0.319218241042345	Singlet
CCTATTACACGACGAA-1	GSM5899873	5945	1792	0	0	0.185667752442997	Singlet
GTAACTGTCCAAAGTC-1	GSM5899873	3826	1710	3	3	0.179153094462541	Singlet
AAAGTAGCACATCCAA-1	GSM5899873	4991	1663	1	1	0.120521172638436	Singlet
CCAATCCAGCGTTGCC-1	GSM5899873	2052	1178	3	3	0.104234527687296	Singlet
GGCGTGTAGCTGGAAC-1	GSM5899873	4394	1208	0	0	0.0814332247557003	Singlet
TTGCCGTTCTAACTGG-1	GSM5899873	5829	2138	8	8	0.263843648208469	Singlet
TTATGCTAGAGCCTAG-1	GSM5899873	5937	1764	1	1	0.110749185667752	Singlet
CTTGGCTTCGGTCCGA-1	GSM5899873	4585	1306	1	1	0.117263843648208	Singlet
GCGACCACATGATCCA-1	GSM5899873	10210	3123	4	4	0.289902280130293	Singlet
CCTTCCCCACAAGCCC-1	GSM5899873	1956	965	0	0	0.149837133550489	Singlet
TAAGTGCAGAGTACCG-1	GSM5899873	4911	1821	2	2	0.188925081433225	Singlet
GAAATGACAAACTGTC-1	GSM5899873	11179	3116	8	8	0.208469055374593	Singlet
AAAGTAGTCTGCGACG-1	GSM5899873	3278	1557	3	3	0.188925081433225	Singlet
GTCTTCGCAGCGAACA-1	GSM5899873	4268	1556	0	0	0.153094462540717	Singlet
ACAGCCGAGAAGCCCA-1	GSM5899873	7066	2759	3	3	0.276872964169381	Singlet
GTCATTTGTCAAAGAT-1	GSM5899873	9479	2923	5	5	0.283387622149837	Singlet
ACAGCCGGTTAAGACA-1	GSM5899873	734	473	7	7	0.0260586319218241	Singlet
CGATTGAGTATTACCG-1	GSM5899873	4058	1509	2	2	0.156351791530945	Singlet
TCACAAGCAATGGAGC-1	GSM5899873	4780	1912	3	3	0.185667752442997	Singlet
TGAGCCGTCTGTCTAT-1	GSM5899873	8657	2333	0	0	0.120521172638436	Singlet
TTCCCAGTCCTGCTTG-1	GSM5899873	8311	2267	0	0	0.143322475570033	Singlet
AGTAGTCTCATCACCC-1	GSM5899873	5027	2119	3	3	0.169381107491857	Singlet
TGTTCCGCACGTAAGG-1	GSM5899873	1871	778	5	5	0.107491856677524	Singlet
TGACGGCTCTGTCTCG-1	GSM5899873	7681	2642	5	5	0.338762214983713	Doublet
TAGCCGGAGCTGGAAC-1	GSM5899873	4914	1445	1	1	0.107491856677524	Singlet
AGCGTCGTCCAGAGGA-1	GSM5899873	3373	1331	2	2	0.140065146579805	Singlet
GGGTCTGGTAAGTTCC-1	GSM5899873	905	566	7	7	0.0488599348534202	Singlet
GGAGCAATCTGTGCAA-1	GSM5899873	4772	1599	1	1	0.140065146579805	Singlet
GTTAAGCGTTCAGGCC-1	GSM5899873	4338	1762	3	3	0.153094462540717	Singlet
GGAACTTCAGACACTT-1	GSM5899873	11108	3247	2	2	0.201954397394137	Singlet
ACTGATGCAATCTGCA-1	GSM5899873	5672	1744	4	4	0.214983713355049	Singlet
GGACGTCGTTGTCTTT-1	GSM5899873	2972	1100	0	0	0.0846905537459283	Singlet
GTTCATTAGGACATTA-1	GSM5899873	6554	1889	4	4	0.224755700325733	Singlet
ATCGAGTGTCATATCG-1	GSM5899873	3100	1436	3	3	0.153094462540717	Singlet
GGGAATGTCAGGTTCA-1	GSM5899873	5508	1849	2	2	0.185667752442997	Singlet
TCCACACGTCCGAGTC-1	GSM5899873	7715	2224	0	0	0.192182410423453	Singlet
CGACCTTCAAACCCAT-1	GSM5899873	3709	1837	3	3	0.192182410423453	Singlet
AGTCTTTCACCTGGTG-1	GSM5899873	5755	1931	0	0	0.231270358306189	Singlet
CGAACATAGGACAGAA-1	GSM5899873	1857	768	1	1	0.0944625407166124	Singlet
GAATGAAGTCAGATAA-1	GSM5899873	4211	1921	3	3	0.162866449511401	Singlet
TAAGCGTTCCGTAGGC-1	GSM5899873	3488	1388	5	5	0.192182410423453	Singlet
ATCCGAACAATAGCGG-1	GSM5899873	1595	913	1	1	0.100977198697068	Singlet
GAGGTGAGTTCTGGTA-1	GSM5899873	2840	1085	1	1	0.0944625407166124	Singlet
GTGTGCGCAAGCGCTC-1	GSM5899873	7711	2022	4	4	0.224755700325733	Singlet
CGTGAGCTCGTTGACA-1	GSM5899873	3978	1390	4	4	0.247557003257329	Singlet
AGCTCCTTCTCCTATA-1	GSM5899873	8421	2503	0	0	0.263843648208469	Singlet
GTACTTTAGATCTGAA-1	GSM5899873	4843	1660	2	2	0.120521172638436	Singlet
TGGACGCGTATTACCG-1	GSM5899873	6320	1812	0	0	0.140065146579805	Singlet
CACCTTGAGCGATATA-1	GSM5899873	4571	1497	0	0	0.136807817589577	Singlet
AGCAGCCGTTCGTGAT-1	GSM5899873	618	383	7	7	0.0488599348534202	Singlet
CTGATCCGTGGCGAAT-1	GSM5899873	6957	1768	0	0	0.117263843648208	Singlet
CACCTTGGTACCGTAT-1	GSM5899873	5672	1582	1	1	0.136807817589577	Singlet
GCAGCCATCCGAAGAG-1	GSM5899873	5860	1708	0	0	0.120521172638436	Singlet
CCTAGCTAGTCACGCC-1	GSM5899873	7365	1880	1	1	0.117263843648208	Singlet
GGATGTTCACTGTTAG-1	GSM5899873	4168	1854	3	3	0.198697068403909	Singlet
GGCGTGTTCAGATAAG-1	GSM5899873	2847	1485	3	3	0.195439739413681	Singlet
TACGGGCTCGCATGAT-1	GSM5899873	4438	1584	6	6	0.237785016286645	Singlet
TTCGGTCTCTTGGGTA-1	GSM5899873	4623	1544	1	1	0.123778501628664	Singlet
CTCGAGGTCTGCTGTC-1	GSM5899873	5250	1402	1	1	0.104234527687296	Singlet
GGTATTGCACGAGGTA-1	GSM5899873	7283	2120	4	4	0.267100977198697	Singlet
CACTCCACATTATCTC-1	GSM5899873	5266	1872	4	4	0.273615635179153	Singlet
TGCGCAGTCGCCAGCA-1	GSM5899873	4780	1905	2	2	0.192182410423453	Singlet
ACACCAACACATTAGC-1	GSM5899873	3640	1653	3	3	0.175895765472313	Singlet
CTGCTGTTCCTACAGA-1	GSM5899873	3759	1515	2	2	0.218241042345277	Singlet
ATAAGAGCATGGTCAT-1	GSM5899873	10238	2644	0	0	0.156351791530945	Singlet
TAGTTGGAGTACGCGA-1	GSM5899873	5171	1593	4	4	0.208469055374593	Singlet
TGATTTCGTTCAGGCC-1	GSM5899873	4518	1464	0	0	0.179153094462541	Singlet
AGCTTGAAGTGTTTGC-1	GSM5899873	3440	1138	0	0	0.11400651465798	Singlet
CATTATCAGATCCGAG-1	GSM5899873	3271	1358	2	2	0.133550488599349	Singlet
CGAGCACAGTGAACAT-1	GSM5899873	5604	2118	3	3	0.162866449511401	Singlet
CTTACCGGTGATGCCC-1	GSM5899873	4307	1829	3	3	0.192182410423453	Singlet
CTCGAAAAGTCGCCGT-1	GSM5899873	4529	1650	2	2	0.136807817589577	Singlet
CATATGGGTCATGCCG-1	GSM5899873	6623	2006	0	0	0.224755700325733	Singlet
GCTCTGTGTCATATGC-1	GSM5899873	4485	1911	3	3	0.149837133550489	Singlet
CAGAATCGTTCGTCTC-1	GSM5899873	9093	2560	5	5	0.296416938110749	Singlet
GCATGCGAGGCGATAC-1	GSM5899873	3735	1700	3	3	0.201954397394137	Singlet
AAGCCGCTCGGACAAG-1	GSM5899873	4890	1427	4	4	0.244299674267101	Singlet
TCAGCAAGTTCTGTTT-1	GSM5899873	2660	1013	1	1	0.11400651465798	Singlet
CAGCAGCTCGGAAATA-1	GSM5899873	8232	1918	1	1	0.11400651465798	Singlet
CTGATCCTCCGATATG-1	GSM5899873	7288	2161	0	0	0.159609120521173	Singlet
GATTCAGTCGCGCCAA-1	GSM5899873	4078	1650	2	2	0.182410423452769	Singlet
CTGATAGTCGCCCTTA-1	GSM5899873	3759	1366	1	1	0.107491856677524	Singlet
CTCTAATTCTCATTCA-1	GSM5899873	6886	2189	0	0	0.224755700325733	Singlet
CACATAGTCCTGTACC-1	GSM5899873	5821	1781	1	1	0.117263843648208	Singlet
CCATTCGTCTCTTATG-1	GSM5899873	5839	1883	1	1	0.159609120521173	Singlet
ACATACGCAACGATGG-1	GSM5899873	3725	1685	3	3	0.166123778501629	Singlet
ACACCCTTCGAATCCA-1	GSM5899873	7067	2164	4	4	0.250814332247557	Singlet
CTCTACGAGGTTCCTA-1	GSM5899873	2440	1105	2	2	0.140065146579805	Singlet
AGACGTTTCTTGCCGT-1	GSM5899873	6202	1879	0	0	0.136807817589577	Singlet
ACAGCCGCACCCATTC-1	GSM5899873	3496	1595	0	0	0.263843648208469	Singlet
AGGTCATTCAGGTTCA-1	GSM5899873	7595	2054	0	0	0.136807817589577	Singlet
GGCTCGACAGTAAGAT-1	GSM5899873	6444	1862	0	0	0.120521172638436	Singlet
TGGCTGGCAGGGTATG-1	GSM5899873	4773	1831	2	2	0.185667752442997	Singlet
TACGGTACAGCCTATA-1	GSM5899873	9556	2896	2	2	0.273615635179153	Singlet
GCATGCGCAAGCGATG-1	GSM5899873	9525	3367	3	3	0.260586319218241	Singlet
CGATGGCGTAGATTAG-1	GSM5899873	1156	756	7	7	0.0944625407166124	Singlet
GCGCCAAGTAAGAGAG-1	GSM5899873	4431	1488	2	2	0.156351791530945	Singlet
ACGCCGAGTCATCCCT-1	GSM5899873	10970	2961	5	5	0.328990228013029	Singlet
TGCACCTCACAGTCGC-1	GSM5899873	4557	2008	3	3	0.185667752442997	Singlet
CGTTAGATCAACGGGA-1	GSM5899873	4651	1605	2	2	0.156351791530945	Singlet
TTTGGTTTCGCGGATC-1	GSM5899873	5147	2196	3	3	0.172638436482085	Singlet
GCTGCAGTCGTTACGA-1	GSM5899873	5782	1694	0	0	0.201954397394137	Singlet
GCATGTATCTGATTCT-1	GSM5899873	4664	1821	2	2	0.175895765472313	Singlet
CTTGGCTCACGAAATA-1	GSM5899873	5317	1858	0	0	0.208469055374593	Singlet
TGAAAGAGTAGCGATG-1	GSM5899873	5369	1779	0	0	0.201954397394137	Singlet
CAAGTTGCAAGCCGCT-1	GSM5899873	4418	1513	1	1	0.110749185667752	Singlet
TCAGATGAGAGTAAGG-1	GSM5899873	1851	1030	3	3	0.127035830618893	Singlet
GCAGCCACACGGCCAT-1	GSM5899873	3522	1833	3	3	0.237785016286645	Singlet
GACAGAGGTTCGCTAA-1	GSM5899873	3012	1189	0	0	0.172638436482085	Singlet
CGAATGTGTACCATCA-1	GSM5899873	6589	1736	1	1	0.104234527687296	Singlet
TCAACGAGTTTAGCTG-1	GSM5899873	6625	1756	1	1	0.117263843648208	Singlet
TCGGTAATCACCCGAG-1	GSM5899873	5856	1797	0	0	0.117263843648208	Singlet
ATGTGTGGTGTTAAGA-1	GSM5899873	5717	1804	0	0	0.140065146579805	Singlet
AAGTCTGAGCAGCCTC-1	GSM5899873	6771	1902	1	1	0.120521172638436	Singlet
GTCACAAAGTTGAGAT-1	GSM5899873	4987	1864	5	5	0.286644951140065	Singlet
AGGGTGACAGCCACCA-1	GSM5899873	4646	1509	1	1	0.133550488599349	Singlet
ATCATGGTCCATGAGT-1	GSM5899873	5209	1853	2	2	0.208469055374593	Singlet
ATAACGCGTTGAGTTC-1	GSM5899873	6921	1736	1	1	0.11400651465798	Singlet
GGTGCGTGTATTCTCT-1	GSM5899873	3613	1756	3	3	0.140065146579805	Singlet
CCACCTACACTTCGAA-1	GSM5899873	6846	2264	0	0	0.228013029315961	Singlet
TCGTACCTCACCGGGT-1	GSM5899873	3888	1571	2	2	0.127035830618893	Singlet
GCAGTTATCAGCCTAA-1	GSM5899873	6183	1702	0	0	0.120521172638436	Singlet
CATATTCTCACGCATA-1	GSM5899873	2161	831	7	7	0.136807817589577	Singlet
CTGATAGGTCTGCGGT-1	GSM5899873	3240	1154	1	1	0.104234527687296	Singlet
GACTACAAGACTCGGA-1	GSM5899873	4812	1712	2	2	0.175895765472313	Singlet
CGATGTAAGGAGTTTA-1	GSM5899873	5748	1798	0	0	0.140065146579805	Singlet
ACGCAGCGTGGTACAG-1	GSM5899873	7436	2084	0	0	0.201954397394137	Singlet
CATTATCTCCGGGTGT-1	GSM5899873	7223	1788	0	0	0.169381107491857	Singlet
TACTTGTTCAAGGCTT-1	GSM5899873	5822	2017	5	5	0.247557003257329	Singlet
ACATCAGAGGTGCTAG-1	GSM5899873	1092	772	3	3	0.11400651465798	Singlet
CCTACACTCGTCTGCT-1	GSM5899873	3661	1489	2	2	0.172638436482085	Singlet
CAGCGACGTCTAGGTT-1	GSM5899873	1038	588	0	0	0.0814332247557003	Singlet
AACACGTCATACAGCT-1	GSM5899873	4884	1681	1	1	0.123778501628664	Singlet
GAAGCAGGTGCGGTAA-1	GSM5899873	3824	1529	0	0	0.136807817589577	Singlet
TTAGGCAGTTAGATGA-1	GSM5899873	5457	1734	2	2	0.156351791530945	Singlet
TGAGGGATCACCGGGT-1	GSM5899873	10082	2621	1	1	0.153094462540717	Singlet
GCTGCGAAGGAGTAGA-1	GSM5899873	2715	1113	0	0	0.0846905537459283	Singlet
AGTGTCACAGGCAGTA-1	GSM5899873	3500	1309	6	6	0.228013029315961	Singlet
TAGCCGGCATCGTCGG-1	GSM5899873	8394	2831	5	5	0.267100977198697	Singlet
CAGCTGGAGTTGAGAT-1	GSM5899873	5101	1839	2	2	0.175895765472313	Singlet
GTGCATACAAATTGCC-1	GSM5899873	7266	1902	0	0	0.143322475570033	Singlet
ATAACGCCAAGGTTTC-1	GSM5899873	9948	2536	0	0	0.198697068403909	Singlet
GTAGGCCTCCCAACGG-1	GSM5899873	4911	1734	2	2	0.149837133550489	Singlet
CAGAATCAGTCTTGCA-1	GSM5899873	7612	1835	1	1	0.127035830618893	Singlet
CACACAAAGCTACCTA-1	GSM5899873	10556	3192	8	8	0.351791530944625	Doublet
CATCGGGTCTTGGGTA-1	GSM5899873	3893	1721	3	3	0.169381107491857	Singlet
CTGATCCCAAACAACA-1	GSM5899873	6052	2321	8	8	0.231270358306189	Singlet
GTTACAGGTCCCTTGT-1	GSM5899873	4988	1755	2	2	0.179153094462541	Singlet
TTAGTTCCACTGTGTA-1	GSM5899873	5149	1819	2	2	0.198697068403909	Singlet
TGTTCCGTCAACGGGA-1	GSM5899873	11358	3033	4	4	0.276872964169381	Singlet
ACGCCAGCACCCATGG-1	GSM5899873	529	428	7	7	0.0553745928338762	Singlet
ACTATCTCAGCTCCGA-1	GSM5899873	9855	2884	5	5	0.306188925081433	Singlet
CATCAAGCAAGAGGCT-1	GSM5899873	5419	1613	6	6	0.208469055374593	Singlet
TCAGCAAGTCGTCTTC-1	GSM5899873	7122	2466	5	5	0.244299674267101	Singlet
CCCTCCTAGCCACGCT-1	GSM5899873	2925	1568	3	3	0.159609120521173	Singlet
CGTCAGGCATCTACGA-1	GSM5899873	3782	1592	3	3	0.136807817589577	Singlet
GCTGCAGTCTCCAACC-1	GSM5899873	2631	1227	2	2	0.149837133550489	Singlet
CGCGTTTGTAAGGGAA-1	GSM5899873	3718	1488	2	2	0.146579804560261	Singlet
TCGCGAGAGACAGACC-1	GSM5899873	4136	1687	2	2	0.182410423452769	Singlet
GCTTGAATCCCTCTTT-1	GSM5899873	6968	2686	5	5	0.247557003257329	Singlet
TCACGAATCGAGGTAG-1	GSM5899873	4721	1518	1	1	0.107491856677524	Singlet
CCGTTCAAGATGCGAC-1	GSM5899873	750	539	7	7	0.0846905537459283	Singlet
GCATGCGAGGCATGGT-1	GSM5899873	1729	895	2	2	0.0781758957654723	Singlet
ACTTGTTAGACCTTTG-1	GSM5899873	5309	1807	2	2	0.149837133550489	Singlet
TACACGACAAAGGAAG-1	GSM5899873	14702	3420	8	8	0.224755700325733	Singlet
TGTGGTACATTCGACA-1	GSM5899873	3534	1518	5	5	0.299674267100977	Singlet
TCGTACCAGTTCGCAT-1	GSM5899873	5138	1930	2	2	0.169381107491857	Singlet
ACCAGTAGTTATCGGT-1	GSM5899873	761	523	1	1	0.140065146579805	Singlet
AACCATGGTTACCAGT-1	GSM5899873	4884	1869	2	2	0.198697068403909	Singlet
CCACGGAAGTGTACGG-1	GSM5899873	12461	2758	0	0	0.143322475570033	Singlet
TCGCGAGAGTAGTGCG-1	GSM5899873	11852	3158	4	4	0.312703583061889	Singlet
TCGTAGAGTGGAAAGA-1	GSM5899873	5993	1750	0	0	0.159609120521173	Singlet
CAGTAACTCAACACGT-1	GSM5899873	5096	1971	2	2	0.192182410423453	Singlet
GGGCATCGTGTTTGTG-1	GSM5899873	3539	1130	1	1	0.0944625407166124	Singlet
GCTTCCAAGCTACCTA-1	GSM5899873	3945	242	7	7	0.0390879478827362	Singlet
ACCCACTTCTGTTTGT-1	GSM5899873	7041	1846	1	1	0.146579804560261	Singlet
TACTCGCCAGCGTCCA-1	GSM5899873	4302	1325	6	6	0.198697068403909	Singlet
AGATCTGAGGTCGGAT-1	GSM5899873	2371	1074	2	2	0.0879478827361563	Singlet
AGTGAGGGTCATCGGC-1	GSM5899873	5243	1626	0	0	0.0879478827361563	Singlet
GTTCGGGCATGAACCT-1	GSM5899873	4863	1431	1	1	0.100977198697068	Singlet
AAGGTTCGTGCGATAG-1	GSM5899873	1229	834	3	3	0.107491856677524	Singlet
GCGCAACTCTTCAACT-1	GSM5899873	7174	1913	0	0	0.136807817589577	Singlet
CAGCATATCACATACG-1	GSM5899873	7018	2499	0	0	0.247557003257329	Singlet
TGACTTTAGTTGAGTA-1	GSM5899873	6682	1732	1	1	0.11400651465798	Singlet
GCAGCCATCAGTCCCT-1	GSM5899873	4424	1821	2	2	0.218241042345277	Singlet
ACGGGCTAGGACATTA-1	GSM5899873	4038	1720	3	3	0.162866449511401	Singlet
CTACACCTCCGAAGAG-1	GSM5899873	5082	1601	1	1	0.117263843648208	Singlet
TCAGCAATCCGCAAGC-1	GSM5899873	7968	2024	4	4	0.211726384364821	Singlet
TACCTATCACTGTTAG-1	GSM5899873	7566	2048	1	1	0.133550488599349	Singlet
TACCTTATCGGAGCAA-1	GSM5899873	4122	1322	6	6	0.218241042345277	Singlet
GGAACTTCAGGGTACA-1	GSM5899873	4788	1655	6	6	0.228013029315961	Singlet
TCCACACCATAGTAAG-1	GSM5899873	6194	1720	1	1	0.0977198697068404	Singlet
CCTAGCTAGCCACCTG-1	GSM5899873	2710	1210	6	6	0.270358306188925	Singlet
GATCGTAGTCGTTGTA-1	GSM5899873	3997	1625	2	2	0.153094462540717	Singlet
TGGTTAGCATAGTAAG-1	GSM5899873	6312	1790	0	0	0.11400651465798	Singlet
CACAAACAGTCCCACG-1	GSM5899873	5392	1987	2	2	0.133550488599349	Singlet
GTAACTGTCAAAGACA-1	GSM5899873	5256	1956	2	2	0.195439739413681	Singlet
CTTTGCGAGAGAACAG-1	GSM5899873	2099	883	4	4	0.149837133550489	Singlet
GTCCTCACAATGGAAT-1	GSM5899873	6594	1801	1	1	0.107491856677524	Singlet
CTGTTTAAGCCAGTAG-1	GSM5899873	6084	1787	1	1	0.123778501628664	Singlet
TAGCCGGAGTCAATAG-1	GSM5899873	7569	2162	6	6	0.286644951140065	Singlet
AACTTTCCACCTCGGA-1	GSM5899873	8036	2079	0	0	0.156351791530945	Singlet
CCGGGATGTGTTTGTG-1	GSM5899873	23950	5097	8	8	0.267100977198697	Singlet
CACCAGGGTGATGTGG-1	GSM5899873	1761	904	0	0	0.117263843648208	Singlet
AAACCTGCAAGCGCTC-1	GSM5899873	2022	971	3	3	0.11400651465798	Singlet
TGACAACTCAGGTAAA-1	GSM5899873	4690	1770	6	6	0.254071661237785	Singlet
TTTCCTCGTGAGGCTA-1	GSM5899873	2904	1156	5	5	0.224755700325733	Singlet
CTTTGCGAGACAGACC-1	GSM5899873	4109	1590	4	4	0.205211726384365	Singlet
AAAGATGGTCGTCTTC-1	GSM5899873	1670	973	3	3	0.107491856677524	Singlet
TCACAAGCAATGACCT-1	GSM5899873	15940	3642	1	1	0.185667752442997	Singlet
TGACGGCAGCTAACAA-1	GSM5899873	5306	1609	6	6	0.234527687296417	Singlet
ATCTGCCAGATGGGTC-1	GSM5899873	5904	1724	1	1	0.117263843648208	Singlet
CACACCTTCGAGAACG-1	GSM5899873	5473	2129	3	3	0.149837133550489	Singlet
TAGAGCTCACGTCTCT-1	GSM5899873	3904	1648	3	3	0.146579804560261	Singlet
AACGTTGTCTCGTATT-1	GSM5899873	6404	1983	2	2	0.182410423452769	Singlet
CACCAGGGTTAGGGTG-1	GSM5899873	4271	1921	3	3	0.175895765472313	Singlet
CGATTGAGTTAAAGAC-1	GSM5899873	5492	1588	1	1	0.110749185667752	Singlet
CTCGAGGAGTGGTAGC-1	GSM5899873	5383	1522	1	1	0.107491856677524	Singlet
CAACCTCGTCTTGATG-1	GSM5899873	6771	1861	0	0	0.140065146579805	Singlet
AGCTCTCGTTGAGGTG-1	GSM5899873	2305	1269	0	0	0.159609120521173	Singlet
CGGGTCAGTGCACCAC-1	GSM5899873	2709	1076	1	1	0.117263843648208	Singlet
CACACCTTCTTAACCT-1	GSM5899873	4052	1898	3	3	0.208469055374593	Singlet
ACCGTAAGTACCGCTG-1	GSM5899873	6424	2225	0	0	0.182410423452769	Singlet
GCCAAATAGACTAGAT-1	GSM5899873	2237	1156	2	2	0.159609120521173	Singlet
AGACGTTCATAACCTG-1	GSM5899873	2679	1517	0	0	0.208469055374593	Singlet
TCGGTAACATCACGAT-1	GSM5899873	4452	1526	1	1	0.123778501628664	Singlet
TACCTTACAGGAATCG-1	GSM5899873	4126	1752	2	2	0.195439739413681	Singlet
GCATGCGCATCACGAT-1	GSM5899873	4393	1585	0	0	0.123778501628664	Singlet
TGTTCCGGTAGTAGTA-1	GSM5899873	1421	882	0	0	0.140065146579805	Singlet
AGCTCTCGTGAAATCA-1	GSM5899873	11069	2789	4	4	0.289902280130293	Singlet
CACAGGCTCTCTTGAT-1	GSM5899873	8425	2595	0	0	0.218241042345277	Singlet
TATTACCCAACCGCCA-1	GSM5899873	6182	2072	6	6	0.299674267100977	Singlet
CTGGTCTCATTTCACT-1	GSM5899873	4587	1933	3	3	0.159609120521173	Singlet
TCTCATAGTAAGGGCT-1	GSM5899873	5402	1801	0	0	0.140065146579805	Singlet
GATCGTATCTGGTGTA-1	GSM5899873	4639	1544	1	1	0.166123778501629	Singlet
GACTAACAGCCTCGTG-1	GSM5899873	2688	1258	2	2	0.166123778501629	Singlet
TTTGGTTGTCGGATCC-1	GSM5899873	3857	1663	3	3	0.11400651465798	Singlet
TGCGCAGTCATAACCG-1	GSM5899873	4409	1464	2	2	0.0977198697068404	Singlet
AGAGCTTCATATACGC-1	GSM5899873	1305	816	7	7	0.120521172638436	Singlet
CCTTCGAGTTTGACTG-1	GSM5899873	3053	1648	5	5	0.322475570032573	Singlet
CCTTTCTGTACTCTCC-1	GSM5899873	7791	2314	4	4	0.276872964169381	Singlet
TCAGGTATCAGTTTGG-1	GSM5899873	4254	1769	0	0	0.218241042345277	Singlet
CGGGTCATCTAGCACA-1	GSM5899873	5208	1604	2	2	0.166123778501629	Singlet
CTGCGGATCCTGTAGA-1	GSM5899873	6649	1875	0	0	0.143322475570033	Singlet
TCTCATATCACTATTC-1	GSM5899873	778	414	7	7	0.0456026058631922	Singlet
CATATGGAGAGCCTAG-1	GSM5899873	4131	1516	2	2	0.156351791530945	Singlet
GTTAAGCCATGAACCT-1	GSM5899873	4621	1578	2	2	0.140065146579805	Singlet
GCGCAACTCGTGTAGT-1	GSM5899873	2720	942	6	6	0.153094462540717	Singlet
CCGTACTCATAGACTC-1	GSM5899873	1308	912	1	1	0.172638436482085	Singlet
ATGGGAGCATACTCTT-1	GSM5899873	9736	2650	0	0	0.221498371335505	Singlet
TACGGGCCATGATCCA-1	GSM5899873	4387	1363	1	1	0.0879478827361563	Singlet
ATTACTCAGTGAATTG-1	GSM5899873	4011	1890	3	3	0.179153094462541	Singlet
CGAGCCAAGGAATTAC-1	GSM5899873	4617	1981	3	3	0.166123778501629	Singlet
CCTTCCCAGCATCATC-1	GSM5899873	7427	2205	0	0	0.221498371335505	Singlet
GGGCACTGTCGCGGTT-1	GSM5899873	6799	1759	0	0	0.143322475570033	Singlet
AAAGATGCATCATCCC-1	GSM5899873	6471	2192	1	1	0.153094462540717	Singlet
GCAATCACAGTAACGG-1	GSM5899873	2647	1306	3	3	0.123778501628664	Singlet
CTGATAGAGGGTCGAT-1	GSM5899873	5589	1642	1	1	0.107491856677524	Singlet
CCTATTAGTTATCGGT-1	GSM5899873	5687	1604	1	1	0.127035830618893	Singlet
GTGCGGTAGAGTTGGC-1	GSM5899873	5157	1626	2	2	0.120521172638436	Singlet
CAGTCCTCAACACCCG-1	GSM5899873	6522	1935	1	1	0.140065146579805	Singlet
GTAACGTGTCGGCATC-1	GSM5899873	2497	1082	3	3	0.123778501628664	Singlet
GATTCAGCATGCATGT-1	GSM5899873	11392	3344	4	4	0.328990228013029	Singlet
CCCAGTTCACAGGTTT-1	GSM5899873	7231	2225	0	0	0.254071661237785	Singlet
GTGAAGGCAGCTCGAC-1	GSM5899873	6993	1907	0	0	0.11400651465798	Singlet
CTGATCCAGACTGTAA-1	GSM5899873	5752	1928	2	2	0.169381107491857	Singlet
AGAGTGGCACCACGTG-1	GSM5899873	4576	2148	3	3	0.188925081433225	Singlet
CGTAGGCTCACGGTTA-1	GSM5899873	2921	1049	1	1	0.100977198697068	Singlet
ATCGAGTCAAGTTAAG-1	GSM5899873	5002	1892	2	2	0.159609120521173	Singlet
TCCACACTCATGCTCC-1	GSM5899873	6418	2028	0	0	0.146579804560261	Singlet
CGTGTAAAGGACCACA-1	GSM5899873	3657	1564	2	2	0.130293159609121	Singlet
CCCAGTTTCGAACTGT-1	GSM5899873	9504	3066	8	8	0.254071661237785	Singlet
ACGATGTTCCCAAGTA-1	GSM5899873	7917	2154	0	0	0.214983713355049	Singlet
CATTATCCATCATCCC-1	GSM5899873	5848	2170	3	3	0.159609120521173	Singlet
ACTTTCACAGCATACT-1	GSM5899873	1686	878	0	0	0.149837133550489	Singlet
CTTAGGAAGGTGACCA-1	GSM5899873	2349	930	1	1	0.100977198697068	Singlet
GTCGTAAGTTAGAACA-1	GSM5899873	7509	2091	0	0	0.159609120521173	Singlet
CGTTCTGGTCCTAGCG-1	GSM5899873	856	587	7	7	0.0814332247557003	Singlet
CCACGGAGTAAAGTCA-1	GSM5899873	3577	1486	0	0	0.221498371335505	Singlet
CATATTCGTCATTAGC-1	GSM5899873	1768	763	1	1	0.0944625407166124	Singlet
ACGGGTCGTAGGCTGA-1	GSM5899873	3333	1121	1	1	0.107491856677524	Singlet
CAAGTTGCACGAGGTA-1	GSM5899873	15060	3356	4	4	0.179153094462541	Singlet
TGTCCCAAGGAACTGC-1	GSM5899873	556	422	7	7	0.0456026058631922	Singlet
AGATCTGCACCAGTTA-1	GSM5899873	4450	1503	1	1	0.130293159609121	Singlet
GAAGCAGGTAGGAGTC-1	GSM5899873	2499	1131	2	2	0.123778501628664	Singlet
CGCTTCACATCGGGTC-1	GSM5899873	6815	2060	5	5	0.244299674267101	Singlet
GATCGCGAGGAATTAC-1	GSM5899873	8341	2209	0	0	0.169381107491857	Singlet
CAGCGACGTAGCCTAT-1	GSM5899873	4107	1473	1	1	0.123778501628664	Singlet
ACTATCTTCTTGCCGT-1	GSM5899873	6723	1978	1	1	0.149837133550489	Singlet
GTTCGGGTCATGGTCA-1	GSM5899873	4431	1730	2	2	0.123778501628664	Singlet
TGTGTTTCAGTGAGTG-1	GSM5899873	5556	1707	0	0	0.107491856677524	Singlet
TGTGGTATCCGCGTTT-1	GSM5899873	1154	685	0	0	0.0749185667752443	Singlet
ACTTACTCAAACAACA-1	GSM5899873	5824	2160	2	2	0.205211726384365	Singlet
CAGCTAATCGTACCGG-1	GSM5899873	12312	2945	0	0	0.162866449511401	Singlet
CGCGTTTAGTGGGTTG-1	GSM5899873	6650	1785	0	0	0.130293159609121	Singlet
AAAGTAGAGGACAGCT-1	GSM5899873	6401	1924	0	0	0.205211726384365	Singlet
CAACCAACACACCGAC-1	GSM5899873	11565	3111	0	0	0.241042345276873	Singlet
GCTTCCAGTCATTAGC-1	GSM5899873	7943	2296	0	0	0.231270358306189	Singlet
GGTGAAGCACATTTCT-1	GSM5899873	3059	1263	6	6	0.214983713355049	Singlet
ACGCCAGTCTAACTCT-1	GSM5899873	4723	1928	3	3	0.127035830618893	Singlet
GCATGTAGTATAGGTA-1	GSM5899873	6921	2039	1	1	0.143322475570033	Singlet
GCCTCTAAGAAACCGC-1	GSM5899873	4972	2220	3	3	0.179153094462541	Singlet
GTATCTTGTTACGGAG-1	GSM5899873	10938	2966	4	4	0.280130293159609	Singlet
CGCTATCAGCAAATCA-1	GSM5899873	5465	1649	2	2	0.162866449511401	Singlet
TAAGTGCAGACACGAC-1	GSM5899873	1952	1177	6	6	0.286644951140065	Singlet
ATCATGGAGTGTGGCA-1	GSM5899873	7087	2000	0	0	0.153094462540717	Singlet
CAGCATACAAGAAGAG-1	GSM5899873	4799	1837	0	0	0.224755700325733	Singlet
TTCGAAGAGCGTTGCC-1	GSM5899873	4143	1552	2	2	0.153094462540717	Singlet
CAACTAGGTTGGAGGT-1	GSM5899873	7962	1926	0	0	0.123778501628664	Singlet
TACTCGCAGAAGATTC-1	GSM5899873	6311	1769	1	1	0.0977198697068404	Singlet
ACGCAGCTCTTGACGA-1	GSM5899873	2757	1434	3	3	0.188925081433225	Singlet
AATCCAGGTAGCCTAT-1	GSM5899873	8040	2771	3	3	0.192182410423453	Singlet
GTTCTCGTCAGAAATG-1	GSM5899873	14330	3838	2	2	0.250814332247557	Singlet
CGACTTCAGCCTTGAT-1	GSM5899873	5259	1745	2	2	0.153094462540717	Singlet
GCGGGTTTCGATGAGG-1	GSM5899873	6811	1782	0	0	0.153094462540717	Singlet
AGGGTGAAGTGATCGG-1	GSM5899873	5241	2005	3	3	0.169381107491857	Singlet
CGTCTACTCCGTAGGC-1	GSM5899873	5492	1668	0	0	0.117263843648208	Singlet
CGCTTCAAGAAACCGC-1	GSM5899873	3534	1611	3	3	0.162866449511401	Singlet
TGGGAAGCATCCCATC-1	GSM5899873	3017	1541	3	3	0.169381107491857	Singlet
CAGTCCTTCGGCATCG-1	GSM5899873	4575	1907	3	3	0.198697068403909	Singlet
TCGTACCAGTGAAGAG-1	GSM5899873	6404	2112	8	8	0.169381107491857	Singlet
CTACCCACATCTGGTA-1	GSM5899873	2835	1175	0	0	0.140065146579805	Singlet
CTGCGGACAAGCCATT-1	GSM5899873	4669	1656	2	2	0.140065146579805	Singlet
GTTCATTGTCTGATCA-1	GSM5899873	6499	2414	0	0	0.267100977198697	Singlet
AACCATGGTTGATTCG-1	GSM5899873	2323	1156	3	3	0.107491856677524	Singlet
TGTATTCGTTGGAGGT-1	GSM5899873	4094	1622	2	2	0.130293159609121	Singlet
AGGTCATGTGTGGCTC-1	GSM5899873	2535	1100	6	6	0.224755700325733	Singlet
TGACTTTTCGTGTAGT-1	GSM5899873	10609	2503	1	1	0.120521172638436	Singlet
GACGTGCCACATGGGA-1	GSM5899873	4180	1617	0	0	0.159609120521173	Singlet
CATGCCTAGACACTAA-1	GSM5899873	5829	1720	1	1	0.136807817589577	Singlet
AAGTCTGGTGGAAAGA-1	GSM5899873	4466	1703	2	2	0.172638436482085	Singlet
AGATCTGAGTGGAGTC-1	GSM5899873	10176	2678	6	6	0.254071661237785	Singlet
CCTCTGACACCGATAT-1	GSM5899873	3627	1536	2	2	0.198697068403909	Singlet
GGTGCGTCATCGGTTA-1	GSM5899873	2377	948	1	1	0.0977198697068404	Singlet
ACTTTCATCCACGACG-1	GSM5899873	8580	2067	0	0	0.156351791530945	Singlet
TGCGGGTCAGCTCGAC-1	GSM5899873	4762	1792	4	4	0.211726384364821	Singlet
TAAGAGAAGCGCTTAT-1	GSM5899873	4984	1963	2	2	0.205211726384365	Singlet
CACACCTCAAGGTGTG-1	GSM5899873	5453	2000	8	8	0.201954397394137	Singlet
ACGGCCAGTCTGATTG-1	GSM5899873	4144	1788	3	3	0.172638436482085	Singlet
ACCGTAAGTCCATGAT-1	GSM5899873	10174	2092	4	4	0.182410423452769	Singlet
CGTCACTGTGAGCGAT-1	GSM5899873	6036	1637	1	1	0.110749185667752	Singlet
CGAGCCAAGATAGCAT-1	GSM5899873	5689	1942	3	3	0.146579804560261	Singlet
TATCTCATCCGCGCAA-1	GSM5899873	3751	1767	3	3	0.179153094462541	Singlet
AGCAGCCTCACCCGAG-1	GSM5899873	3778	1437	4	4	0.237785016286645	Singlet
ACGAGCCTCATGTCTT-1	GSM5899873	6435	2053	0	0	0.241042345276873	Singlet
TTCGAAGCAGGCTGAA-1	GSM5899873	5401	1594	4	4	0.201954397394137	Singlet
GGACATTCAGTCGATT-1	GSM5899873	4871	1406	1	1	0.0944625407166124	Singlet
GCGCAACCAGTCGATT-1	GSM5899873	2403	1102	0	0	0.201954397394137	Singlet
GGAACTTGTACCTACA-1	GSM5899873	2556	1095	5	5	0.182410423452769	Singlet
TCTTCGGCAGCTGGCT-1	GSM5899873	9252	2086	0	0	0.153094462540717	Singlet
CCCAGTTAGGCCCGTT-1	GSM5899873	4894	1708	2	2	0.130293159609121	Singlet
GATCGTAGTTCACCTC-1	GSM5899873	4647	1410	1	1	0.110749185667752	Singlet
TAGAGCTGTTACAGAA-1	GSM5899873	11203	3127	5	5	0.322475570032573	Singlet
CATGGCGCATGGGACA-1	GSM5899873	5820	1509	0	0	0.123778501628664	Singlet
TCGAGGCAGAGGGATA-1	GSM5899873	2095	997	1	1	0.11400651465798	Singlet
GTTCGGGGTCCGACGT-1	GSM5899873	5148	1493	1	1	0.0977198697068404	Singlet
GGACAGAGTACCAGTT-1	GSM5899873	6275	1905	2	2	0.110749185667752	Singlet
GGGAGATAGTAATCCC-1	GSM5899873	10480	3072	2	2	0.247557003257329	Singlet
CACAAACGTCGATTGT-1	GSM5899873	6631	2485	3	3	0.166123778501629	Singlet
CGGAGTCCACATTTCT-1	GSM5899873	889	478	7	7	0.0521172638436482	Singlet
TAAGCGTCAAGAAGAG-1	GSM5899873	4433	1473	2	2	0.0944625407166124	Singlet
AACTTTCCAAGGTGTG-1	GSM5899873	4441	1397	6	6	0.208469055374593	Singlet
CACAAACCATGTCTCC-1	GSM5899873	2003	775	1	1	0.0781758957654723	Singlet
CAAGTTGGTCGCGTGT-1	GSM5899873	2755	1267	3	3	0.169381107491857	Singlet
AGCGTATAGGAGTTTA-1	GSM5899873	7846	1990	4	4	0.241042345276873	Singlet
ATAGACCCAATAAGCA-1	GSM5899873	1999	1092	3	3	0.140065146579805	Singlet
TACACGATCTCCGGTT-1	GSM5899873	12423	3650	5	5	0.423452768729642	Doublet
TCAGGTACATGGGACA-1	GSM5899873	10077	2631	8	8	0.198697068403909	Singlet
CGAATGTAGTCACGCC-1	GSM5899873	2439	1207	6	6	0.231270358306189	Singlet
ACGGCCAAGAACTCGG-1	GSM5899873	2222	1214	3	3	0.130293159609121	Singlet
ATCATCTAGGACAGAA-1	GSM5899873	521	442	1	1	0.100977198697068	Singlet
TTCTACATCGTAGGAG-1	GSM5899873	4408	1505	6	6	0.237785016286645	Singlet
CCCTCCTAGGGCATGT-1	GSM5899873	6196	2050	2	2	0.182410423452769	Singlet
TCGCGTTGTGAGGGTT-1	GSM5899873	4528	1373	0	0	0.107491856677524	Singlet
GTTACAGAGTGTCTCA-1	GSM5899873	5619	1897	3	3	0.133550488599349	Singlet
CTCTACGTCTTAACCT-1	GSM5899873	3201	1210	0	0	0.153094462540717	Singlet
AGTAGTCGTAAGTGTA-1	GSM5899873	3112	1505	0	0	0.205211726384365	Singlet
GAACGGAAGAACTCGG-1	GSM5899873	3744	1578	2	2	0.149837133550489	Singlet
CTTAACTGTGGTCCGT-1	GSM5899873	4574	1974	3	3	0.188925081433225	Singlet
GCTGCAGAGTACGCGA-1	GSM5899873	3531	1347	2	2	0.123778501628664	Singlet
TAGCCGGAGATCTGCT-1	GSM5899873	4586	1497	0	0	0.130293159609121	Singlet
CTCCTAGCATCCTTGC-1	GSM5899873	8956	3026	5	5	0.254071661237785	Singlet
ACATCAGCAGATAATG-1	GSM5899873	6115	2359	2	2	0.228013029315961	Singlet
GTGCTTCCAGTAAGAT-1	GSM5899873	12927	3761	3	3	0.205211726384365	Singlet
TACTCGCTCGGTGTTA-1	GSM5899873	6102	1595	1	1	0.110749185667752	Singlet
GCATGTACACGGTGTC-1	GSM5899873	2242	831	1	1	0.0846905537459283	Singlet
GCTTGAAGTTCTGTTT-1	GSM5899873	2683	1441	1	1	0.214983713355049	Singlet
GATCGTATCATATCGG-1	GSM5899873	7323	2478	5	5	0.198697068403909	Singlet
GATCTAGAGACTAGAT-1	GSM5899873	2645	1161	1	1	0.100977198697068	Singlet
CGCTGGAAGTCTCAAC-1	GSM5899873	3913	1440	0	0	0.117263843648208	Singlet
GCAGCCAGTCATGCCG-1	GSM5899873	2379	770	1	1	0.0684039087947883	Singlet
GTATCTTCACGAGGTA-1	GSM5899873	4309	1627	2	2	0.153094462540717	Singlet
AGGTCCGGTGAGGGAG-1	GSM5899873	3281	1586	0	0	0.234527687296417	Singlet
CATGGCGCAGTAGAGC-1	GSM5899873	10651	2660	2	2	0.162866449511401	Singlet
GTGTTAGGTACAGCAG-1	GSM5899873	3253	1359	5	5	0.195439739413681	Singlet
ACCAGTAGTCCTCCAT-1	GSM5899873	560	438	7	7	0.0781758957654723	Singlet
GACCTGGTCTTTACAC-1	GSM5899873	4765	1616	0	0	0.188925081433225	Singlet
GACTACACAGACAAGC-1	GSM5899873	2684	1431	0	0	0.188925081433225	Singlet
GCATGTAGTAGCTAAA-1	GSM5899873	4866	1942	2	2	0.166123778501629	Singlet
GGCGTGTAGCGTGAGT-1	GSM5899873	8593	2255	0	0	0.140065146579805	Singlet
CGTGTCTTCTTGTATC-1	GSM5899873	5955	1894	0	0	0.136807817589577	Singlet
CTGGTCTTCATCGGAT-1	GSM5899873	6656	2275	3	3	0.185667752442997	Singlet
AAAGTAGAGCGCCTCA-1	GSM5899873	1962	1060	2	2	0.146579804560261	Singlet
CGAGCACCAGTCAGCC-1	GSM5899873	4914	1872	0	0	0.208469055374593	Singlet
CCGTACTAGAGGGATA-1	GSM5899873	4313	1510	2	2	0.133550488599349	Singlet
TTAGTTCCACTGAAGG-1	GSM5899873	5003	1600	1	1	0.11400651465798	Singlet
CACACAAAGTGTCTCA-1	GSM5899873	15684	4008	8	8	0.257328990228013	Singlet
CACACAAGTACCTACA-1	GSM5899873	5806	1792	4	4	0.257328990228013	Singlet
CGTGTCTGTAAAGGAG-1	GSM5899873	3048	1283	4	4	0.234527687296417	Singlet
CGACCTTAGATATACG-1	GSM5899873	4787	1921	3	3	0.166123778501629	Singlet
CAACCAAAGTCTCGGC-1	GSM5899873	3617	1574	2	2	0.195439739413681	Singlet
CTCGAAACAAGCTGGA-1	GSM5899873	5059	1859	3	3	0.136807817589577	Singlet
TAGACCACATCTACGA-1	GSM5899873	5733	1980	2	2	0.188925081433225	Singlet
GGAATAATCCACGTGG-1	GSM5899873	1900	1097	3	3	0.149837133550489	Singlet
